"Filename","MumNo"
"001-Keshavrao_Khade_Road.pdf","म्यु.घ.नं. 91 ते 105","82.8","ok",""
"002-Keshavrao_Khade_Road.pdf","म्यु.घ.नं. 386, म्यु.घ.नं. 326 ते 342, म्यु.घ.नं. 173 ते 209,","88.8","ok",""
"003-Farooq_S_Umar_Bhai_Path.pdf","म्यु.घ.नं. 54 ई ते म्यु घ.नं.108","80.2","ok",""
"004-Farooq_S_Umar_Bhai_Path.pdf","म्यु.घ.नं. क्रं.2 ते 26 ए","74.8","ok",""
"005-Farooq_S_Umar_Bhai_Path.pdf","म्यु.घ.नं. 15 ते 23","80.3","ok",""
"006-Farooq_S_Umar_Bhai_Path.pdf","म्यु.घ.नं. 3 ते 7","83.1","ok",""
"007-Farooq_S_Umar_Bhai_Path.pdf","म्यु.घ.नं. 4 ते 6, म्यु.घ.नं. 16 ई ते 22","83.7","ok",""
"008-Farooq_S_Umar_Bhai_Path.pdf","म्यु.घ.नं. 11 ते 57, म्यु.घ.नं. 2 ते 8","87.6","ok",""
"009-Farooq_S_Umar_Bhai_Path.pdf","म्यु.घ.नं. 3, म्यु.घ.नं. ! ते 22, म्यु.घ.नं. 65 ते 75","88.0","ok",""
"010-Farooq_S_Umar_Bhai_Path.pdf","म्यु.घ.नं. 1 ते 5","89.3","ok",""
"011-Farooq_S_Umar_Bhai_Path.pdf","म्यु.घ.नं. 9 ते 45, म्यु.घ.नं. 9","81.3","ok",""
"012-Farooq_S_Umar_Bhai_Path.pdf","म्यु.घ.नं. 1 ते 9, म्यु.घ.नं. 3","80.0","ok",""
"013-Farooq_S_Umar_Bhai_Path.pdf","म्यु.घ.नं. 97 -सी ते 111","84.8","ok",""
"015-Farooq_S_Umar_Bhai_Path.pdf","म्यु.घ.नं. 81 ते 85 बी","91.1","ok",""
"016-Madhavrao_Gangan_Road.pdf","म्यु.घ.नं. 9, म्यु.घ.नं. 11 ते 25","85.0","ok",""
"017-Mohammad_Shaheed_Marg_(Moreland_Road).pdf","म्यु.घ.नं. 17 ते 23, म्यु.घ.नं. 8 ते 10","85.8","ok",""
"018-Mohammad_Shaheed_Marg_(Moreland_Road).pdf","म्यु.घ.नं. 21 ए 21,19 व 12-14, म्यु.घ.नं. 2,4 ते 24-42","86.9","ok",""
"019-Mohammad_Shaheed_Marg_(Moreland_Road).pdf","म्यु.घ.नं. 5 ते 23, म्यु.घ.नं. 70 ते 84, Baa. ते 17","87.2","ok",""
"020-Mohammad_Shaheed_Marg_(Moreland_Road).pdf","म्यु.घ.नं. 93 ते 97, म्यु.घ.नं. 200 ते 218 ए.","86.0","ok",""
"021-Mohd_Umar_Rajab_Road_Madan_Pura.pdf","म्यु.घ.नं. 1 ते 35, म्यु.घ.नं. 22 सी, 22 डी ","87.6","ok",""
"022-Mohd_Umar_Rajab_Road_Madan_Pura.pdf","","86.9","ok",""
"023-Mohd_Umar_Rajab_Road_Madan_Pura.pdf","म्यु.घ.नं. 2 ते 22 बी","77.1","ok",""
"024-Mohd_Umar_Rajab_Road_Madan_Pura.pdf","म्यु.घ.नं. 122 ते 196, म्यु.घ.नं. 216 ते 254, म्यु.घ.नं. 78 ते 94 बी","87.8","ok",""
"025-Mohd_Umar_Rajab_Road_Madan_Pura.pdf","म्यु.घ.नं. 25 ते 55, म्यु.घ.नं. 26 अ ते 52 ए."
"026-2nd_Ghelabhai_Street_Madanpura.pdf","म्यु.घ.नं. 69 ते,  म्यु.घ.नं. 222 ते 258, म्यु.घ.नं. 236"
"027-Jehangir_Boman_Behram_Marg.pdf","म्यु.घ.नं. 59 अ ते 65-75, म्यु.घ.नं. 254 ते 272 ए"
"028-Mirza_Ghalib_Byculla.pdf","म्यु घ.नं.310 ते 332 सी.",
"029-Mirza_Ghalib_Byculla.pdf","म्यु.घ.नं. 311 ए ते 333"
"030-Mirza_Ghalib_Byculla.pdf","म्यु.घ.नं. 17"
"031-Sant_Savata_Marg_Byculla.pdf","म्यु.घ.नं. 41 ते 119, म्यु.घ.नं. 1 ते 17 ब, मार्ग म्यु.घ.नं. 95 ते 167, म्यु.घ.नं. 2 ते 24",
"032-Sant_Savata_Marg_Byculla.pdf","म्यु घ.नं.267 ते 297, म्यु.घ.क्रं.150 ते 218 , म्यु.घ.नं. 82 ते 128-130"
"033-170-192_Dr_Mascarenance_Road_Mazgaon.pdf","म्यु.घ.नं. 138 ते 140, म्यु.नं.200 , म्यु.घ.नं. 206 ते 216, म्यु.घ.नं. 142 ते 154 ते म्यु.घ.नं. 200"
"034-Sheth_Motisha_Lane_(Love_Lane).pdf","म्यु.घ.नं. 108 ते 134, म्यु.घ.नं. 11 ते 13,"
"035-Sheth_Motisha_Lane_(Love_Lane).pdf","म्यु.घ.नं. 140 ते 160, म्यु घ.नं.114 ते 136 ए, म्यु घ.नं.105","88.1","ok",""
"036-Sheth_Motisha_Lane_(Love_Lane).pdf","म्यु.घ.नं. 114 ते 134, म्यु.घ.नं. 51 ते 55","ok",""
"037-136_Sheth_Motishah_Lane_(Love_Lane).pdf","म्यु.घ.नं. 136 ते 138 , म्यु घ.नं.5 ते 91डी","87.7","ok",""
"038-136_Sheth_Motishah_Lane_(Love_Lane).pdf","म्यु.घ.नं. 105 जे ते 109 सी, म्यु.घ.नं. 111-112, म्यु.घ.नं. 1 89","88.2","ok",""
"039-136_Sheth_Motishah_Lane_(Love_Lane).pdf","म्यु.घ.नं. 1 ते 29 अ","78.6","ok",""
"040-105-C_136_Sheth_Motisha_Lane_(Love_Lane).pdf","म्यु.घ.नं. 5","89.7","ok",""
"041-105-C_136_Sheth_Motisha_Lane_(Love_Lane).pdf","म्यु.घ.नं. 105, म्यु घ.नं.105, म्यु.घ.नं. 6 ते 42, म्यु.घ.नं. 68 ते 92-96","91.3","ok",""
"042-Sheth_Motisha_Lane_(Love_Lane).pdf","म्यु.घ.नं. 98 ते 100 ए आणि 115, म्यु.घ.नं. 29 बी ते 172 , म्यु घ.नं.13 ते 85 ए आणि 2 ते 56","88.8","ok",""
"043-Sheth_Motisha_Lane_(Love_Lane).pdf","म्यु घ.नं.164 ते 200 , म्यु.घ.नं. 2 ते 42, म्यु.घ.नं. 44 ते 52","90.0","ok",""
"044-Nesbit_Road_Low_Level.pdf","म्यु.घ.नं. 6 ते 16-ए ,","86.4","ok",""
"045-Nesbit_Road_Low_Level.pdf","म्यु.घ.नं. 16 ए , म्यु घ.नं.1 ते5ई","89.4","ok",""
"046-Nesbit_Road_Low_Level.pdf","म्यु.घ.नं. 136 ते 138 , म्यु.घ.नं. 4 ","88.9","ok",""
"047-Nesbit_Road_Low_Level.pdf","म्यु घ.नं.3 ते , घ.नं.16","91.0","ok",""
"048-Sardar_Balwant_Singh_Dhodi_Marg_Mazgaon.pdf","म्यु.घ.नं. 2 ते 44 एफ , म्यु.घ.नं. 46","91.5","ok",""
"049-Sardar_Balwant_Singh_Dhodi_Marg_Mazgaon.pdf","म्यु.घ.नं. 352 , म्यु घ.नं.218 ते 239 ए.बी","90.2","ok",""
"050-Ganesh_Hari_Parundekar_Marg_Momin_Pura.pdf","म्यु.घ.नं. 36 ते 52 बी.","91.5","ok",""
"051-Ganesh_Hari_Parundekar_Marg_Momin_Pura.pdf","म्यु घ.नं.2 ते,  म्यु.घ.नं. 14 ते ,  म्यु.घ.नं. 25 ते 85-89","87.9","ok",""
"052-Ganesh_Hari_Parundekar_Marg_Momin_Pura.pdf","म्यु.घ.नं. 812 ते 826","88.2","ok",""
"053-Ganesh_Hari_Parundekar_Marg_Momin_Pura.pdf","म्यु.घ.नं. 16 ते 54","84.9","ok",""
"054-790_Bapurao_Jagtap_Marg.pdf","म्यु.घ.नं. 74 ,1, म्यु.घ.नं. 96 ,  म्यु.घ.नं. 845 ते 867 ए","91.4","ok",""
"055-790_Bapurao_Jagtap_Marg.pdf","म्यु घ.नं.9 ए","90.1","ok",""
"056-Mohammad_Siddique_Ansari_Lane_(Milk_Street).pdf","","88.1"," ok",""
"057-Mohammad_Siddique_Ansari_Lane_(Milk_Street).pdf","म्यु.घ.नं. 785 , म्यु.घ.नं. 797-807 , म्यु.घ.नं. 821 ते 823 , घ.नं.845 ","89.1","ok",""
"058-Mohammad_Siddique_Ansari_Lane_(Milk_Street).pdf","","86.6","ok",""
"059-Meghraj_Shethi_Marg_Bychala.pdf","म्यु घ.नं.91 ते 101, म्यु.घ.नं. 79 ते 111","90.4","ok",""
"060-Meghraj_Shethi_Marg_Bychala.pdf","","वॉटर स्ट्रीट,खटाव मिल झोपडपट्टी ते लक्की कंपाऊड बिल्डींग क्र.7","85.4","ok",""
"061-Meghraj_Shethi_Marg_Bychala.pdf","म्यु.घ.नं. 17 ते 21","87.6","ok",""
"062-Meghraj_Shethi_Marg_Bychala.pdf","म्यु.घ.नं. 687, म्यु.घ.नं. 15 जी ते 21 , म्य॒ घ.नं॑.18 न, म्यु.घ.नं.  4 ते 12, म्यु घ.नं.7 ते 11","86.9","ok",""
"063-Meghraj_Shethi_Marg_Bychala.pdf","म्यु.घ.नं. 2 ते म्यु घ.नं.8-12","88.2","ok",""
"064-Meghraj_Shethi_Marg_Bychala.pdf","","84.8","ok",""
"065-Meghraj_Shethi_Marg_Bychala.pdf","म्यु.घ.नं. 19 ते 20 म्यु घ.नं.117 ते 137","अ) बदलु रंगारी स्ट्रीट म्यु.घ.नं. 19 इस्लाममिया बिल्डींग ते 20 किस्मत मंझील ब) मोलाना आझाद रोड म्यु घ.नं.117 ते 137","89.6","ok",""
"066-Meghraj_Shethi_Marg_Bychala.pdf","म्यु.घ.नं. 1ते 9 म्यु.घ.नं. 901 ते 935 ","अ) सुंदर लेन म्यु.घ.नं. 1ते 9 ब) बापुराव जगताप मार्ग म्यु.घ.नं. 901 ते 935 ब वकौल चाळ कंपाऊंड जवळील झोपडपट्टी","89.4","ok",""
"067-Meghraj_Shethi_Marg_Bychala.pdf","","अ) साखळी स्ट्रीट पहिली क्रॉस लेन ब) साखळी स्ट्रीट 2 री क्रॉस लेन","86.6","ok",""
"068-Meghraj_Shethi_Marg_Bychala.pdf","म्यु.घ.नं. 5 ते 15 ","साखळी स्ट्रीट तिसरी क्रॉस लेन म्यु.घ.नं. 5 ते 15 ब विठ्ठल मंदीराजबळील झोपडपट्टी","89.9","ok",""
"069-Meghraj_Shethi_Marg_Bychala.pdf","म्यु.घ.नं. 774 ते 808 म्यु.घ.नं. 868 ते 924","अ) बापुराव जगताप मार्ग म्यु.घ.नं. 774 ते 808 ब) बापुराव जगताप मार्ग म्यु.घ.नं. 868 ते 924","91.6","ok",""
"070-Meghraj_Shethi_Marg_Bychala.pdf","म्यु.घ.नं. 7 म्यु.घ.नं. 15","बदलु रंगारी स्ट्रोट म्यु.घ.नं. 7 म्युनिसिपल पत्रा चाळ नं.1 ते म्यु.घ.नं. 15","84.0","ok",""
"071-Meghraj_Shethi_Marg_Bychala.pdf","म्यु.घ.नं. 8-20 ","सुंदर लेन म्यु.घ.नं. 8-20 ते चैतन्य बिल्डींग","88.0","ok",""
"072-Meghraj_Shethi_Marg_Bychala.pdf","म्यु.घ.नं. 147 ते 165 म्यु.घ.नं. 177 ते 187","अ)मौलाना आझाद रोड म्यु.घ.नं. 147 ते 165 एफ ब) मौलाना आझाद रोड म्यु.घ.नं. 177 ते 187 क) साखळी स्ट्रीट 5 ot ate लेन","88.0","ok",""
"073-Sant_Savata_Marg_Byculla.pdf","म्यु.घ.नं. 228 ते 242 म्यु.घ.नं. 3 ते 3 ब 2 ते 10 ","अ) डॉ.बाबा साहेब आंबेडकर रोड म्यु.घ.नं. 228 ते 242 ब) नामदेब उमाजी भालिंगे मार्ग म्यु.घ.नं. 3 ते 3 ब 2 ते 10 क) नामदेव उमाजी भालिंगे मार्ग पहिली wre लेन","88.2","ok",""
"075-Sheikh_Hafizuddin_Marg_(Chain_Street).pdf","म्यु.घ.नं. 2 ते 64  म्यु.घ.नं. 48  म्यु घ.नं.82 ","अ) शेख हफोजुद्दीन मार्ग (साखळी स्ट्रीट ) म्यु.घ.नं. 2 ते 64 अ ब) मिर्झा गालीब मार्ग (क्लेअर रोड) म्यु.घ.नं. 48 खैरूनीसा te बिल्डींग ते म्यु घ.नं.82 क्लेअर हाऊस टाऊन हॉस्पिटल","89.1","ok",""
"076-Mirza_Ghalib_Road_Byculla.pdf","म्यु.घ.नं. 1 ते 12","रिपन रोड दुसरी क्रॉस लेन म्यु.घ.नं. 1 ते 12","85.1","ok",""
"077-Mirza_Ghalib_Road_Byculla.pdf","म्यु.घ.नं. 14 ते 19  म्यु.घ.नं. 243 ई ते 245 म्यु.घ.नं. 247 ते 259","अ) रिपन रोड दुसरी क्रॉस लेन म्यु.घ.नं. 14 ते 19 मेहफिलवाली चाळ ब) मोलाना आझाद रोड म्यु.घ.नं. 243 ई ते 245 क) मौलाना आझाद रोड म्यु.घ.नं. 247 ते 259","89.4","ok",""
"078-Mirza_Ghalib_Road_Byculla.pdf","म्यु.घ.नं. 2 ते 44 जी म्यु.घ.नं. 173 ",
"079-Mirza_Ghalib_Road_Byculla.pdf","म्यु.घ.नं. 199 ते 243"
"080-Mirza_Ghalib_Road_Byculla.pdf","म्यु.घ.नं. 3 ते 59 जी",
"081-243_Sane_Guruji_Marg.pdf","म्यु.घ.नं. 61 ते 87  म्यु.घ.नं. 167 ए ते म्यु.घ.नं. 173"
"082-Mirza_Ghalib_Road_Bhaykhla.pdf","म्यु.घ.नं. 171 ते 187"
"083-Sane_Guruji_Marg_Byculla.pdf","म्यु.घ.नं. 243 ते म्यु घ.नं.13-14 म्यु.घ.नं. 45"
"084-Sane_Guruji_Marg_Byculla.pdf","म्यु.घ.नं. 56 म्यु.घ.नं. 56 मार्ग म्यु.घ.नं. 209 ते 237 ए",
"085-Sane_Guruji_Marg_Byculla.pdf","म्यु.घ.नं. 45 ते 75 म्यु.घ.नं. 13 डी ते 45",
"086-42-43_D_Keshavrao_Khade_Marg.pdf","म्यु.घ.नं. 56 एम ते 56 टी. म्यु.घ.नं. 58 ते 68",
"087-N.M.Joshi_Marg_Shi.Nagar_Building_Meherpada.pdf","म्यु.घ.नं. 10 ते म्यु.घ.नं. 27 ते 35"
"088-N.M.Joshi_Marg_Shi.Nagar_Building_Meherpada.pdf","म्यु.घ.नं. 269 ते 299  म्यु.घ.नं. 462 562 म्यु.घ.नं. 616 डी.ते 616 एम ड म्यु.घ.नं. 41 ते 43 क",
"089-N.M.Joshi_Marg_Shi.Nagar_Building_Meherpada.pdf","म्यु.घ.नं. 462"
"090-N.M.Joshi_Marg_Shi.Nagar_Building_Meherpada.pdf","म्यु.घ.नं. 616 एन ते 638 ब म्यु.घ.नं. 574 बी ते 576 क",
"091-N.M.Joshi_Marg_Shi.Nagar_Building_Meherpada.pdf","म्यु.घ.नं. 576 डी ते 586 ई  म्यु.घ.नं. 592 ते 606 बो घ.नं.4 ते 6 ई ","
"092-N.M.Joshi_Marg_Shi.Nagar_Building_Meherpada.pdf","म्यु.घ.नं. 4 ते 6 ई ते ए-1 म्"
"093-N.M.Joshi_Marg_Shi.Nagar_Building_Meherpada.pdf","म्यु घ.नं.615 म्यु.घ.नं. 2 ते ते म्यु.घ.नं. 36-38"
"094-N.M.Joshi_Marg_Shi.Nagar_Building_Meherpada.pdf",""
"095-Bapurao_Jagtap_Marg.pdf","म्यु.घ.नं. 36 म्यु घ.नं.66 यु.घ.नं.29 ते 33"
"096-Bapurao_Jagtap_Marg.pdf","म्यु.घ.नं. 17 ते 23"
"097-Bapurao_Jagtap_Marg.pdf","म्यु.घ.नं. 616 ते 616 सी ते 51",
"098-Bapurao_Jagtap_Marg.pdf","म्यु.घ.नं. 1 ते 17 ते म्यु.घ.नं. 37"
"099-Bapurao_Jagtap_Marg.pdf","म्यु.घ.नं. 27 ते 39"
"100-Ganesh_Hari_Parundekar_Marg.pdf","म्यु.घ.नं. 47  म्यु.घ.नं. 571 ते 605 म्यु.बि.न.673 ते 689 म्यु.बि.नं.4 ते 18"
"101-Ganesh_Hari_Parundekar_Marg.pdf","म्यु.घ.नं. 684 ते 698 "
"102-Bapurao_Jagtap_Marg.pdf","म्यु.घ.नं. 666 "
"103-Bapurao_Jagtap_Marg.pdf","म्यु.घ.नं. 586 ते 664 म्यु.घ.नं. 666 "
"104-Bapurao_Jagtap_Marg.pdf","म्यु.घ.नं. 25 ई म्यु.बि.118",
"105-Bapurao_Jagtap_Marg.pdf","म्यु.घ.नं. 11-15 म्यु.घ.नं. 25 सी म्यु.घ.नं. 714 बी ते 714 आय  म्यु.घ.नं. 605 म्यु.घ.नं. 663 ते 673 म्यु घ.नं.74 ते 98"
"106-Sant_Savata_Marg_Byculla.pdf","म्यु घ.नं.62 ते 114 ई म्यु.घ.नं. 114 एफ ते 138 म्यु.घ.नं. 124 ते 168 सो.",
"107-Sant_Savata_Marg_Byculla.pdf","म्यु.घ.नं. 46 ते 122 जी",
"108-Sant_Savata_Marg_Byculla.pdf",""
"109-Sant_Savata_Marg_Byculla.pdf","म्यु.घ.नं. 4 ते 10"
