filename,page,content,confidence,original_content
001-Keshavrao_Khade_Road.pdf,1,1 अ) साने गुरूजी मार्ग 307 ए ते 327 (महानगरपालिका 36)खंड 1 | ब) केशवराव खाडये मार्ग म्युनिसिपल घर 91 ते 105,89,
002-Keshavrao_Khade_Road.pdf,1,अ) साने गुरूजी मार्ग दादाजी धाकजी कंपनी प्रायव्हेट लिमिटेडजवळील झोपडपट्टी ते म्युनिसिपल घर 386 पत्रा चाळ व पत्रा चाळ जवळील झोपडपट्टी रामसिंह गैरेज | ब) साने गुरूजी मार्ग म्युनिसिपल घर 326 ते 342 व म्युनिसिपल घर 173 अलमास अपार्टमेंट ते 209 आकाश अपार्टमेंट,93,
003-Farooq_S_Umar_Bhai_Path.pdf,1,अ) मौलाना आझाद रोड रंगवाला चाळ (महानगरपालिका 36) खंड 1 | ब) मौलाना आझाद रोड म्युनिसिपल घर 54 ई ते म्युनिसिपल घर 168,84,
004-Farooq_S_Umar_Bhai_Path.pdf,1,आर. बी. चांदोरकर मार्ग म्युनिसिपल घर क्रमांक 2 ते 26 ए,89,
005-Farooq_S_Umar_Bhai_Path.pdf,1,अ) मोहम्मद स्ट्रीट म्युनिसिपल घर 1-11 व 4-8 | ब) मोहम्मद स्ट्रीट | क) मौलाना आझाद रोड रंगवाला कंपाउड जवळील झोपडपट्टी व हिंदुस्तान मिलजवळील झोपडपट्टीड) फारूख एस. उमरभाई पथ म्युनिसिपल घर 15 ते 23,89,
006-Farooq_S_Umar_Bhai_Path.pdf,1,माधवराव गांगण मार्ग म्युनिसिपल घर 3 ते गर,83,
007-Farooq_S_Umar_Bhai_Path.pdf,1,1 | अ) माधवराव गांगण मार्ग म्युनिसिपल घर 4 ते 6 | ब) माधवराव गांगण मार्ग म्युनिसिपल घर 16 ई ते 22,92,
008-Farooq_S_Umar_Bhai_Path.pdf,1,1 अ) मोहम्मद शहिद मार्ग (मोरलॅण्ड रोड) म्युनिसिपल घर 11 ते 57 | ब) मोहम्मद शहिद मार्ग (मोरलॅण्ड रोड) म्युनिसिपल घर 2 ते 8,90,
009-Farooq_S_Umar_Bhai_Path.pdf,1,"अ) फारुख एस उमरभाई पथ म्युनिसिपल घर 3 बी. आय. टी. चाळ क्रमांक 8 ते 7 बी, बी. आय. टी. चाळ क्रमांक 12 | ब) मोहम्मद शहीद मार्ग (मोरलॅण्ड रोड) म्युनिसिपल घर 87 ते 89 एफ | क) मोटली बाई स्ट्रीट म्युनिसिपल घर 1 ते 22 | ड) मोहम्मद शहीद मार्ग (मोरलॅण्ड रोड) सेंट ऑन्ड्यूज चर्च जवळील फीरोज गांधी झोपडपट्टी | इ) मोहम्मद शहीद मार्ग (मोरलॅण्ड रोड) म्युनिसिपल घर 65 ते 75 न्यू पत्रा शेड क्रमांक 1 ते 9",92,
010-Farooq_S_Umar_Bhai_Path.pdf,1,1 | अ) आर. बी. चांदोरकर मार्ग म्युनिसिपल घर 1 ते 5 | ब) मेघराज सेठी मार्ग आय टी चाळ क्रमांक 4 ते 30-32 भायखळा नरसिंग होम,91,
011-Farooq_S_Umar_Bhai_Path.pdf,1,अ) डॉ. आनंदराव नायर मार्ग म्युनिसिपल घर 9 ते 45 | ब) फारूख एस. उमरभाई पथ म्युनिसिपल घर 9 बी. ई. टी. चाळ क्रमांक 14,87,
012-Farooq_S_Umar_Bhai_Path.pdf,1,अगरेड क्रॉस स्ट्रीट म्युनिसिपल घर 1 ते 9 | ब) मेघराज सेठी मार्ग म्युनिसिपल घर 3 सेंट अँन्डयुज चर्च आणि जवळील झोपडपट्टी,87,
013-Farooq_S_Umar_Bhai_Path.pdf,1,अ) मोहम्मद शाहिद मार्ग (मोरलॅण्ड रोड म्युनिसिपल घर 97 -सी ते 111 | ब) सायरस अव्हेन्यु पथ,88,
015-Farooq_S_Umar_Bhai_Path.pdf,1,मोहम्मद शाहिद मार्ग (मोरलॅण्ड रोड) म्युनिसिपल घर 81 ते 85 बी,93,
016-Madhavrao_Gangan_Road.pdf,1,अ) माधवराव गांगण मार्ग म्युनिसिपल घर 9 बी आय. टी. चाळ क्रमांक 24 | ब) आर. बि. चांदोरकर मार्ग म्युनिसिपल घर 11 ते 25,90,
017-Mohammad_Shaheed_Marg_(Moreland_Road).pdf,1,अ) माधवराव गांगण मार्ग म्युनिसिपल घर 17 ते 23 | ब) माधवराव गांगण मार्ग म्युनिसिपल घर 8 ते 10,91,
018-Mohammad_Shaheed_Marg_(Moreland_Road).pdf,1,"अ) फारूख एस. उमरभाई पथ म्युनिसिपल घर 6 ते 8 | ब) घेलाभई पहिली स्ट्रीट, म्युनिसिपल घर 21 ए 21, 19 व 12-14 | क) घेलाभाई दुसरी स्ट्रीट म्युनिसिपल घर 2, 4 ते 24-42 | ड) रिपन रोड पहिली क्रॉसलेन (दगडी चाळ)",89,
019-Mohammad_Shaheed_Marg_(Moreland_Road).pdf,1,अ) मोहम्मद उमर रजब रोड म्युनिसिपल घर 5 ते 23 | ब) शेख हाफीौजुद्दीन मार्ग (साखळी स्ट्रीट) म्युनिसिपल घर 70 ते 84 | क) घेलाभाई 1 ली स्ट्रीट म्युनिसिपल घर 1 ते 17,91,
020-Mohammad_Shaheed_Marg_(Moreland_Road).pdf,1,अ) मोहम्मद शाहिद मार्ग (मोरलॅण्ड रोड) म्युनिसिपल घर 93 ते 97 बी | ब) मौलाना आझाद रोड म्युनिसिपल घर 200 ते 218 ए.,91,
021-Mohd_Umar_Rajab_Road_Madan_Pura.pdf,1,अ) दुसरी घेलाभाई स्ट्रीट म्युनिसिपल घर 1 ते 35 | ब) मोहम्मद उमर रजब रोड म्युनिसिपल घर 22 सी हुसेन बिल्डींग आणि 22 डी हुसेन बिल्डींग | क) मोहम्मद स्ट्रीट (गोस्त बाजार) छोटी कमल बिल्ंग आक्सा मंजिल बिल्डिंग (डी),89,
022-Mohd_Umar_Rajab_Road_Madan_Pura.pdf,1,अ) घेलाभाई तिसरी स्ट्रीट | ब) मोहमेडन स्ट्रीट (गोस्त बाजार रहेमान बिल्डींग रसुल बिल्डींग आणि आक्सा मंझील बिल्डींग,88,
023-Mohd_Umar_Rajab_Road_Madan_Pura.pdf,1,"अ) सिद्धीक लेन, ब) महंमद उमर रजब रोड, म्युनिसिपल घर 2 ते 22 बी हसेन बिल्डींग",84,
024-Mohd_Umar_Rajab_Road_Madan_Pura.pdf,1,अ) मौलाना आझाद रोड म्युनिसिपल घर 122 ते 196 ब) जहांगीर बोमन बेहराम मार्ग म्युनिसिपल घर 216 ते 254 | क) मौलाना आझाद रोड म्युनिसिपल घर 78 ते 94 बी,90,
025-Mohd_Umar_Rajab_Road_Madan_Pura.pdf,1,अ) मोहम्मद उमर रजब रोड म्युनिसिपल घर 25 ते 55 | ब) महंमद उमर रजब रोड म्युनिसिपल घर 26 अ ते 52 ए.,87,
026-2nd_Ghelabhai_Street_Madanpura.pdf,1,अ) शेख हफीज उद्दीन रोड (साखळी स्ट्रीट) म्युनिसिपल घर 69 ते अब्दुल हाऊस | ब) मौलाना आझाद रोड म्युनिसिपल घर 222 ते 258 क) मौलाना आझाद रोड म्युनिसिपल घर 236 डी ते पटेल आणि सोनी आर्किटेक,92,
027-Jehangir_Boman_Behram_Marg.pdf,1,अ) महंमद शहिद मार्ग (मोरलॅण्ड रोड) म्युनिसिपल घर 59 अ ते 65-75 हाजी चाळ | ब) जहांगीर बोमन बेहराम मार्ग म्युनिसिपल घर 254 ते 272 ए,92,
028-Mirza_Ghalib_Byculla.pdf,1,"अ) स्पेन रोड | ब) शेफर्ड रोड, म्युनिसिपल घर 4 ते 10 | क) सर जमशेद जी जिजीभाई रोड म्युनिसिपल घर 310 ते 332 सी.",90,
029-Mirza_Ghalib_Byculla.pdf,1,"अ) जमशेदजी जिजीभाई रोड, म्युनिसिपल घर 311 ए ते 333 पर्यंत | ब) क्रिस्ट चर्च रोड",90,
030-Mirza_Ghalib_Byculla.pdf,1,मिर्जा गालीब मार्ग (क्लेअर रोड) म्युनिसिपल घर 17 ते जेल पोलीस लेन,92,
031-Sant_Savata_Marg_Byculla.pdf,1,अ) संत सावता मार्ग म्युनिसिपल घर 41 ते 119 एफ | ब) सिताफळवाडी म्युनिसिपल घर 1 ते 17 ब-क) संत सावता मार्ग म्युनिसिपल घर 95 ते 167 आणि मशिना हॉस्पीटल नर्स कवार्टर्स | ड) सिताफळ वाडी म्युनिसिपल घर 2 ते 24,90,
032-Sant_Savata_Marg_Byculla.pdf,1,अ) डॉ. बाबासाहेब आंबेडकर रोड म्युनिसिपल घर 267 ते 297 | ब) डॉ. बाबासाहेब आंबेडकर रोड म्युनिसिपल घर क्रमांक 150 ते 218 क) डॉ. मस्करेन्स रोड म्युनिसिपल घर 82 ते 128-130 आगाखान बिल्डिंग,90,
033-170-192_Dr_Mascarenance_Road_Mazgaon.pdf,1,"अ) डॉ. मस्करेहन्स रोड म्युनिसिपल घर 138 आदमजी भाई रंगवाला चाळ ते 140 गूरू हिंमत को-ऑपरेटिव्ह सोसायटीब) म्युनिसिपल क्रमांक 200 बी सी पदमसी वाडी, म्युनिसिपल घर 206 ते 216 बोमन बेहराम बि. क) म्युनिसिपल घर 142 ते 154 न्यू चाळ श्रॉफ बिल्डींग ते म्युनिसिपल घर 200 मन्जी मेन्शन",92,
034-Sheth_Motisha_Lane_(Love_Lane).pdf,1,अ) शेठ मोती शाह लेन म्युनिसिपल घर 108 ते 134 | ब) डी. एन. सिंग रोड (हाथीबाग लेन) म्युनिसिपल घर 11 ते 13 बतुला हाउस,91,
035-Sheth_Motisha_Lane_(Love_Lane).pdf,1,अ) शेठ मोतीशाह लेन म्युनिसिपल घर 140 ते 160 | ब) शेठ मोतीशाह लेन म्युनिसिपल घर 114 ते 136 ए | क) डी. एन. सिंह रोड (हाथीबाग लेन) म्युनिसिपल घर 105 आणि जवळची झोपडपट्टी,92,
036-Sheth_Motisha_Lane_(Love_Lane).pdf,1,अ) शेठ मोतीशाह लेन म्युनिसिपल घर 114 ते 134 अ बी. आय. टी. चाळ 3 आणि मागील झोपडपट्टी | ब) डी. एन. सिंग रोड (हाथीबाग लेन) म्युनिसिपल घर 51 ते 55,91,
037-136_Sheth_Motishah_Lane_(Love_Lane).pdf,1,अ) शेठ मोती शाह लेन म्युनिसिपल घर 136 ते 138 | ब) डी. एन. सिंग रोड (हाथीबाग लेन) म्युनिसिपल घर 5 ते 91 डी,90,
038-136_Sheth_Motishah_Lane_(Love_Lane).pdf,1,अ) शेठ मोतीशाह लेन म्युनिसिपल घर 105 जे ते 109 सी मुंबई ट्रान्सपोर्ट चाळ | ब) शेठ मोतीशाह लेन म्युनिसिपल घर 111-112 मेहता चेंबर्स ते म्युनिसिपल घर 189 सिद्धचल दर्शन बी,93,
039-136_Sheth_Motishah_Lane_(Love_Lane).pdf,1,डी. एन. सिंग रोड (हाथीबाग लेन) म्युनिसिपल घर 1 ते 29 अ,88,
040-105-C_136_Sheth_Motisha_Lane_(Love_Lane).pdf,1,शेठ मोतीशाह लेन म्युनिसिपल घर 5 रोझारीओ पत्रा चाळ 1 ते 103 ब्राम्हणवाडी चाळ आणि रोड वरील हॉटेल,93,
041-105-C_136_Sheth_Motisha_Lane_(Love_Lane).pdf,1,अ) शेठ मोती शहा लेन म्युनिसिपल घर 105 स्वप्ना बिल्डींग ते म्युनिसिपल घर 105 बी ताराबाग चाळ | ब) शेठ मोती शाह लेन म्युनिसिपल घर 6 ते 42 क) शेठ मोती शाह लेन म्युनिसिपल घर 68 ते 92-96,93,
042-Sheth_Motisha_Lane_(Love_Lane).pdf,1,अ) शेठ मोतीशाह लेन म्युनिसिपल घर 98 ते 100 ए आणि 115 | ब) शेठ मोतीशाह लेन (कोपर गांव इस्टेट) | क) डी. एन. सिंग रोड (हाथीबाग लेन बी) म्युनिसिपल घर 29 बी ते 172 | ड) डी. एन. सिंग रोड (हाथीबाग लेन)म्युनिसिपल घर 13 ते 85 ए आणि 2 ते 56,91,
043-Sheth_Motisha_Lane_(Love_Lane).pdf,1,अ) शेठ मोतीशाह लेन म्युनिसिपल घर 164 ते 200  |  ब) शिवदास चापसी मार्ग म्युनिसिपल घर 2 ते 42 | क) शेठ मोतीशाह लेन म्युनिसिपल घर 44 ते 52,92,
044-Nesbit_Road_Low_Level.pdf,1,अ) हंसराज लेन म्युनिसिपल घर 6 ते 16-ए संजय आपर्टमेंट,86,
045-Nesbit_Road_Low_Level.pdf,1,अ) हंसराज लेन म्युनिसिपल घर 16 ए अशोक अपार्टमेंट ते 16 अजय अपार्टमेंट | ब) हंसराज लेन म्युनिसिपल घर 1 ते 5 ई,86,
046-Nesbit_Road_Low_Level.pdf,1,अ) शेठ मोतीशाह लेन म्युनिसिपल घर 136 ते 138 | ब) शेठ मोतीशाह लेन (लव्ह लेन क्रॉस लेन) सेक्टर क्रमांक 5 शत्रुंजय दर्शन बिल्डींग ते म्युनिसिपल घर 4 शिवमंदीर,92,
047-Nesbit_Road_Low_Level.pdf,1,शेठ मोतीशाह लेन (लव लेन क्रॉस लेन) म्युनिसिपल घर 3 ते कौशि कॉटेज ते से म्युनिसिपल घर 16 युनियन बिल्डींग,92,
048-Sardar_Balwant_Singh_Dhodi_Marg_Mazgaon.pdf,1,अ) नेसबीट रोड (लो लेव्हल) | ब) सरदार बलवंत सिंग धोदी मार्ग म्युनिसिपल घर 2 ते 44 एफ | क) सरदार बलवंत सिंग धोदी मार्ग म्युनिसिपल घर 46 आगा हॉल चाळ क्रमांक 11 ते 331 आगा हॉल चाळ क्रमांक 13,92,
049-Sardar_Balwant_Singh_Dhodi_Marg_Mazgaon.pdf,1,अ) सरदार बलवंत सिंग धोदी मार्ग म्युनिसिपल घर 352 आगा हॉल अली मिनार ते बु-हाणी कॉलेज ऑफ कॉमर्स | ब) डॉ. मस्कारन्स रोड म्युनिसिपल घर 218 ते 239 ए. बी,91,
050-Ganesh_Hari_Parundekar_Marg_Momin_Pura.pdf,1,मेघराज सेठी मार्ग म्युनिसिपल घर 36 ते 52 बी.,88,
051-Ganesh_Hari_Parundekar_Marg_Momin_Pura.pdf,1,अ) मेघराज सेठी मार्ग म्युनिसिपल घर 2 ते ईस्लाम बिल्डिंग माळाबैठी चाळ | ब) महंमद सिद्दीक अन्सारी लेन (मिल्क स्ट्रीट) म्युनिसिपल घर 14 ते पत्रा चाळ क्रमांक 8 च्या पत्रा माळा झोपडपट्टीक) गणेश हरी पारंडेकर मार्ग म्युनिसिपल घर 25 सुशांति चर्च ते 85-89,90,
052-Ganesh_Hari_Parundekar_Marg_Momin_Pura.pdf,1,अ) महंमद सिद्दीक अन्सारी लेन (मिल्क स्ट्रीट) | ब) बाबुराव जगताप मार्ग म्युनिसिपल घर 812 ते 826,93,
053-Ganesh_Hari_Parundekar_Marg_Momin_Pura.pdf,1,हफीज अली बहादुरखान मार्ग (टॅक पाखाडीयॉ मार्ग) म्युनिसिपल घर 16 ते 54 आणि जवळील झोपडपट्टी,88,
054-790_Bapurao_Jagtap_Marg.pdf,1,"अ) हफीज अली बहादुरखान मार्ग (टँक पाखाडीया मार्ग) म्युनिसिपल घर 74, 1 ला माळा बिल्डींग ते म्युनिसिपल घर 96 हमीद बिल्डींग | ब) हाफोज अली बहादुर खान मार्ग (टॅक पाखाडीया मार्ग) न्यु खटाव माखनजी बिल्डिंग क्रमांक 5 आणि जवळील झोपडपट्टी | क) बाबूराव जगताप मार्ग म्युनिसिपल घर 845 ते 867 ए",91,
055-790_Bapurao_Jagtap_Marg.pdf,1,"मोहम्मद सिद्दीक अन्सारी लेन (मिल्क स्ट्रीट) म्युनिसिपल घर 9 ए, ईरफान बिल्डींग जवळील झोपडपट्टी आणि ट्रॉन्झिस्ट कॅम्प चाळ क्रमांक 1 ते 16",90,
056-Mohammad_Siddique_Ansari_Lane_(Milk_Street).pdf,1,मोहम्मद सिद्दीक अन्सारी लेन (मिल्क स्ट्रीट) ट्रॉन्झिस्ट कॅम्प चाळ क्रमांक 17 ते 27 आणि मिल्क स्ट्रीटच्या फूटपाथवरील झोपडपट्टी,91,
057-Mohammad_Siddique_Ansari_Lane_(Milk_Street).pdf,1,अ) बापूराव जगताप मार्ग म्युनिसिपल घर 785 दत्ताराम बिल्डींग ते म्युनिसिपल घर 797-807 खलीफा चाळ | ब) हलका -ई-अहबाब मार्ग (साखळी स्ट्रीट चौथी क्राँस लेन) | क) बापूराव जगताप मार्ग म्युनिसिपल घर 821 ते 823 हनुमान प्रसाद बि. ते. म्युनिसिपल घर 845 शिवनेरी बि,93,
058-Mohammad_Siddique_Ansari_Lane_(Milk_Street).pdf,1,मोहम्मद सिद्दीकी अन्सारी लेन (मिल्क स्ट्रीट) बी. आय. टी. चाळ क्रमांक 3 आणि 4,92,
"059-Meghraj_Shethi_Marg,_Bychala.pdf",1,अ) गणेश हरी पारंडेकर मार्ग म्युनिसिपल घर 91 ते 101 | ब) मौलाना आझाद रोड म्युनिसिपल घर 79 ते 111,93,
060-Meghraj_Shethi_Marg_Bychala.pdf,1,"वॉटर स्ट्रीट, खटाव मिल झोपडपट्टी ते लक्की कंपाऊड बिल्डींग क्रमांक 7",89,
061-Meghraj_Shethi_Marg_Bychala.pdf,1,अ) हाफिज अली बहादुरखान मार्ग (टँक पाखाडी मार्ग) म्युनिसिपल घर क्रमांक 51 ते 81 म्यु चाळ क्रमांक 6 ब) बदलु रंगारी स्ट्रीट म्युनिसिपल घर 17 ते 21,89,
062-Meghraj_Shethi_Marg_Bychala.pdf,1,अ) नामदेव मुरलीधर जोशी मार्ग भायखळा जवळील झोपडी म्युनिसिपल घर 687 महावीर इस्टेट | ब) गणेश हरी पारंडेकर मार्ग म्युनिसिपल घर 15 जी ते 21 | क) बॉम्बे स्ट्रीट लकी कॅम्पा बिल्डिंग क्रमांक 8 ते म्युनिसिपल घर 18 न्यू लाल चाळ क्रमांक 9 | ड) साखळी स्ट्रीट तिसरी क्रॉस लेन म्युनिसिपल घर 4 ते 12 | ई) डिलाईल रोड क्रॉस लेन म्युनिसिपल घर 7 ते 11,91,
063-Meghraj_Shethi_Marg_Bychala.pdf,1,बदल रंगारी स्ट्रीट म्युनिसिपल घर 2 पत्रा चाळ क्रमांक 4 ते म्युनिसिपल घर 8-12 अशरफी मंजील,88,
064-Meghraj_Shethi_Marg_Bychala.pdf,1,अ) मेघराज सेठी मार्ग बंबखान्याजबळील झोपडपट्टी ते आगाखान चाळ | ब) गणेश हरी पारूंडेकर मार्ग साई महंमद चाळ ते बॉम्बे आंध्राट्रॉन्सपोर्ट जवळील झोपडया,92,
065-Meghraj_Shethi_Marg_Bychala.pdf,1,अ) बदल रंगारी स्ट्रीट म्युनिसिपल घर 19 इस्लाममिया बिल्डींग ते 20 किस्मत मंझील | ब) मौलाना आझाद रोड म्युनिसिपल घर 117 ते 137,92,
066-Meghraj_Shethi_Marg_Bychala.pdf,1,अ) सुंदर लेन म्युनिसिपल घर 1 ते 9 | ब) बापुराव जगताप मार्ग म्युनिसिपल घर 901 ते 935 ब वकील चाळ कंपाऊंड जवळील झोपडपट्टी,93,
067-Meghraj_Shethi_Marg_Bychala.pdf,1,अ) साखळी स्ट्रीट पहिली क्रॉस लेन | ब) साखळी स्ट्रीट 2 री क्रॉस लेन,93,
068-Meghraj_Shethi_Marg_Bychala.pdf,1,साखळी स्ट्रीट तिसरी क्रॉस लेन म्युनिसिपल घर 5 ते 15 व विठ्ठल मंदीराजवळील झोपडपट्टी,91,
069-Meghraj_Shethi_Marg_Bychala.pdf,1,अ) बापुराव जगताप मार्ग म्युनिसिपल घर 774 ते 808 | ब) बापुराव जगताप मार्ग म्युनिसिपल घर 868 ते 924,89,
070-Meghraj_Shethi_Marg_Bychala.pdf,1,बदल रंगारी स्ट्रीट म्युनिसिपल घर 7 म्युनिसिपल पत्रा चाळ क्रमांक 1 ते म्युनिसिपल घर 15,86,
071-Meghraj_Shethi_Marg_Bychala.pdf,1,सुंदर लेन म्युनिसिपल घर 8-20 ते चैतन्य बिल्डींग,93,
072-Meghraj_Shethi_Marg_Bychala.pdf,1,मौलाना आझाद रोड म्युनिसिपल घर 147 ते 165 एफ | ब) मौलाना आझाद रोड म्युनिसिपल घर 177 ते 187 | क) साखळी स्ट्रीट 5 वी क्रॉस लेन,92,
073-Sant_Savata_Marg_Byculla.pdf,1,अ) डॉ. बाबा साहेब आंबेडकर रोड म्युनिसिपल घर 228 ते 242 | ब) नामदेव उमाजी भालिंगे मार्ग म्युनिसिपल घर 3 ते 3 व 2 ते 10 | क) नामदेव उमाजी भालिंगे मार्ग पहिली क्रॉस लेन,90,
075-Sheikh_Hafizuddin_Marg_(Chain_Street).pdf,1,अ) शेख हफोजुद्दीन मार्ग (साखळी स्ट्रीट) म्युनिसिपल घर 2 ते 64 अ | ब) मिर्झा गालीब मार्ग (क्लेअर रोड) म्युनिसिपल घर 48 खैरूनीसा रोघे बिल्डींग ते म्युनिसिपल घर 82 क्लेअर हाऊस टाऊन हॉस्पिटल,90,
076-Mirza_Ghalib_Road_Byculla.pdf,1,रिपन रोड दुसरी क्रॉस लेन म्युनिसिपल घर 1 ते 12,90,
077-Mirza_Ghalib_Road_Byculla.pdf,1,अ) रिपन रोड दुसरी क्रॉस लेन म्युनिसिपल घर 14 ते 19 मेहफिलवाली चाळ | ब) मौलाना आझाद रोड म्युनिसिपल घर 243 ई ते 245 | क) मौलाना आझाद रोड म्युनिसिपल घर 247 ते 259,93,
078-Mirza_Ghalib_Road_Byculla.pdf,1,अ) मिर्झा गालीब मार्ग (क्लेअर रोड) म्युनिसिपल घर 2 ते 44 जी | ब) मौलाना आझाद रोड म्युनिसिपल घर 173 ते नुरानी चाळ क्रमांक 6,92,
079-Mirza_Ghalib_Road_Byculla.pdf,1,मौलाना आझाद रोड म्युनिसिपल घर 199 ते 243,93,
080-Mirza_Ghalib_Road_Byculla.pdf,1,शेख हाफीजुद्दीन मार्ग (साखळी स्ट्रीट) म्युनिसिपल घर 3 ते 59 जी,92,
081-243_Sane_Guruji_Marg.pdf,1,अ) शेख हफीजुद्दीन रोड म्युनिसिपल घर 61 ते 87 ए धोबीघाट झोपडपट्टी | ब) मौलाना आझाद रोड म्युनिसिपल घर 167 ए ईसाशेठ चाळ ते म्युनिसिपल घर 173 पत्रा चाळ,90,
082-Mirza_Ghalib_Road_Bhaykhla.pdf,1,साने गुरूजी रोड म्युनिसिपल घर 171 ते 187 केरमाणी बिल्डींग,93,
083-Sane_Guruji_Marg_Byculla.pdf,1,अ) साने गुरूजी मार्ग म्युनिसिपल घर 243 ते म्युनिसिपल घर 13-14 शिवदर्शन | ब) संत गाडगे महाराज चौक (जेकब सर्कल) म्युनिसिपल घर 45 राऊंड बिल्डींग,93,
084-Sane_Guruji_Marg_Byculla.pdf,1,अ) केशवराव खाडये मार्ग म्युनिसिपल घर 56 एफ रसुलजुवा कंपाऊंड ते म्युनिसिपल घर 56 एल | ब) साने गुरूजी मार्ग म्युनिसिपल घर 209 ते 237 ए,89,
085-Sane_Guruji_Marg_Byculla.pdf,1,अ) केशवराव खाडये मार्ग म्युनिसिपल घर 45 ते 75 | ब) केशवराव खाडये मार्ग म्युनिसिपल घर 13 डी ते 45 व साईकृपा,88,
086-42-43_D_Keshavrao_Khade_Marg.pdf,1,केशव खाडये मार्ग म्युनिसिपल घर 56 एम ते 56 टी. | ब) केशवराव खाडये मार्ग म्युनिसिपल घर 58 ते 68 आणि साईकृपा,86,
087-N.M.Joshi_Marg_Shi.Nagar_Building_Meherpada.pdf,1,केशवराव खाडये मार्ग म्युनिसिपल घर 10 ते सिम्प्लेक्स मिलजवळील झोपडपट्टी व संत गाडगे महाराज चौक म्युनिसिपल घर 27 ते 35,90,
088-N.M.Joshi_Marg_Shi.Nagar_Building_Meherpada.pdf,1,अ) साने गुरूजी मार्ग म्युनिसिपल घर 269 ते 299 | ब) नामदेव मुरलीधर जोशी मार्ग म्युनिसिपल घर 462 वार्ड बिल्डींग ते 562 म्युनिसिपल चाळ | क) नामदेव मुरलीधर जोशी मार्ग म्युनिसिपल घर 616 डी. ते 616 एम | ड) केशवराव खाडये मार्ग म्युनिसिपल घर 41 ते 43 क,91,
089-N.M.Joshi_Marg_Shi.Nagar_Building_Meherpada.pdf,1,नामदेव मुरलीधर जोशी मार्ग म्युनिसिपल घर 462 म्युनिसिपल बिल्डींग ते म्युनिसिपल भंडार जवळील झोपड्या,91,
090-N.M.Joshi_Marg_Shi.Nagar_Building_Meherpada.pdf,1,अ) नामदेव मुरलीधर जोशी मार्ग म्युनिसिपल घर 616 एन ते 638 ब | ब) नामदेव मुरलीधर जोशी मार्ग म्युनिसिपल घर 574 बी ते 576 क,91,
091-N.M.Joshi_Marg_Shi.Nagar_Building_Meherpada.pdf,1,अ) नामदेव मुरलीधर जोशी मार्ग म्युनिसिपल घर 576 डी ते 586 ई | ब) नामदेव मुरलीधर जोशी मार्ग म्युनिसिपल घर 592 ते 606 बी | क) गणेश हरी पारूंडेकर मार्ग कासिम बि. के ते म्युनिसिपल पत्रा चाळ क्रमांक 57 | ड) नामदेव मुरलीधर जोशी मार्ग 1 ली क्रॉस लेन म्युनिसिपल घर क्रमांक 4 ते 6 ई म्यु. चाळी जवळ,90,
092-N.M.Joshi_Marg_Shi.Nagar_Building_Meherpada.pdf,1,अ) नामदेव मुरलीधर जोशी मार्ग पहिली क्रॉस लेन म्युनिसिपल घर 4 ते 6 ई | ब) पायस स्ट्रीट इंडियन हॉटेल कं. बिल्डींग ते ए-1 म्युनिसिपल बिल्डींग,92,
093-N.M.Joshi_Marg_Shi.Nagar_Building_Meherpada.pdf,1,अ) नामदेव मुरलीधर जोशी मार्ग एस. ब्रीज जवळील झोपडपट्टी ते म्युनिसिपल घर 615 व रेल्वे चाळ जवळील झोपड्या | ब) गणेश हरी पारूंडेकर मार्ग म्युनिसिपल घर 2 ते कासीम बिल्डींग कंपाऊंड | क) पायस स्ट्रीट दुभाषा बि. (कॉरोनशन बेकरी) ते म्युनिसिपल घर 36-38,92,
094-N.M.Joshi_Marg_Shi.Nagar_Building_Meherpada.pdf,1,मुसा किल्लेदार स्ट्रीट 2 ते म्युनिसिपल पत्रा चाळ क्रमांक 41,93,
095-Bapurao_Jagtap_Marg.pdf,1,अ) मुसा किल्लेदार स्ट्रीट म्युनिसिपल घर 56 पत्रा चाळ क्रमांक 40 ते म्युनिसिपल घर 66 पत्रा चाळ क्रमांक 13 | ब) केशवराव खाडये मार्ग म्युनिसिपल घर 29 ते 33,88,
096-Bapurao_Jagtap_Marg.pdf,1,अ) मुसा किल्लेदार स्ट्रीट म्युनिसिपल बिल्डींग क्रं.3 ते म्युनिसिपल बिल्डिंग क्रमांक 20 जवळील झोपडपट्टी | ब) बापुराव जगताप मार्ग म्युनिसिपल घर क्रमांक 174 जे ते 744 | क) केशवराव खाडये मार्ग म्युनिसिपल घर 17 ते 23,90,
097-Bapurao_Jagtap_Marg.pdf,1,अ) नामदेव मुरलीधर जोशी मार्ग म्युनिसिपल घर 616 ते 616 सी ब) मुसा किल्लेदार स्ट्रीट म्युनिसिपल घर 1 ते 51,91,
098-Bapurao_Jagtap_Marg.pdf,1,अ) नामदेव मुरलीधर जोशी मार्ग पहिली क्रॉस लेन म्युनिसिपल घर 1 ते 17 | ब) पायस स्ट्रीट म्युनिसिपल बिल्डींग क्रमांक ए.1 समोरील जनता सेवक सोसायटी झोपडपट्टी ते म्युनिसिपल घर 37 म्युनिसिपल पत्रा चाळ,92,
099-Bapurao_Jagtap_Marg.pdf,1,नामदेव मुरलीधर जोशी मार्ग पहिली क्रॉस लेन म्युनिसिपल घर 27 ते 39,91,
100-Ganesh_Hari_Parundekar_Marg.pdf,1,अ) नामदेव मुरलीधर जोशी मार्ग पहिला क्रॉस लेन म्युनिसिपल घर 47 पोमन निवास | ब) बापुराव जगताप मार्ग म्युनिसिपल घर 571 ते 605 जवळील 80 टेनामेटस ब्लॉक ए आणि बी | क) बापूराव जगताप मार्ग म्युनिसिपल बिल्डिंग क्रमांक 673 ते 689 आणि म्युनिसिपल बिल्डिंग क्रमांक 4 ते 18,91,
101-Ganesh_Hari_Parundekar_Marg.pdf,1,अ) बापुराव जगताप मार्ग म्युनिसिपल घर 684 ते 698 | ब) गणेश हरी पारूंडेकर मार्ग फरीदा मंझील ईसा मॅन्शन | क) गणेश हरी पारूंडेकर मार्ग लंबी सिमेंट चाळ 72 आणि जवळील झोपडपट्टी,90,
102-Bapurao_Jagtap_Marg.pdf,1,बापुराव जगताप मार्ग म्युनिसिपल घर 666 म्युनिसिपल चाळ क्रमांक 1 ते 17 आणि ब्लाँक ए ते एफ,92,
103-Bapurao_Jagtap_Marg.pdf,1,अ) बापुराव जगताप मार्ग म्युनिसिपल घर 586 ते 664 जुनी अहमद सुलेमान चाळ | ब) बापुराव जगताप मार्ग म्युनिसिपल घर 666 म्युनिसिपल ब्लॉक जी. व ब्लाक ए ते जी मागील झोपडपट्टी,89,
104-Bapurao_Jagtap_Marg.pdf,1,अ) मौलाना आझाद रोड म्युनिसिपल घर 25 ई पीर महंमद चाळ ते 49 बी युसुफ हाजी कासम चाळ आणि 957 बॅडबरी मि. जवळील झोपडपट्टी व खुशनुमा आपार्टमेंट | ब) बापुराव जगताप मार्ग भायखळा झो. सं. (एम. पी. नगर) ब म्युनिसिपल बिल्डिंग 118,89,
105-Bapurao_Jagtap_Marg.pdf,1,अ) मौलाना आझाद रोड म्युनिसिपल घर 11-15 अल्लारखा बिल्डींग ते म्युनिसिपल घर 25 सी पीर महंमद चाळ | ब) बापुराव जगताप मार्ग म्युनिसिपल घर 714 बी ते 714 आय | क) बापुराव जगताप मार्ग म्युनिसिपल घर 605 जवळील 80 टेनामेंट ब्लॉक सी ते ई आणि म्युनिसिपल घर 663 ते 673 | ड) गणेशहरी पारंंडेकर मार्ग म्युनिसिपल घर 74 ते 98,92,
106-Sant_Savata_Marg_Byculla.pdf,1,अ) डॉ. बाबासाहेब आंबेडकर रोड म्युनिसिपल घर 62 ते 114 ई | ब) डॉ. बाबा साहेब आंबेडकर रोड म्युनिसिपल घर 114 एफ ते 138 | क) संत सावता मार्ग म्युनिसिपल घर 124 ते 168 सो. ड) खंबाटा लेन | ई) संत सावता मार्ग 1 ली क्रॉस लेन,90,
107-Sant_Savata_Marg_Byculla.pdf,1,संत सावता मार्ग म्युनिसिपल घर 46 ते 122 जी सिक्वेरा कंपाऊंड,86,
108-Sant_Savata_Marg_Byculla.pdf,1,अ) डॉ. बाबासाहेब आंबेडकर मार्ग म्युनिसिपल घर क्रमांक 91 ते 225 | ब) संत सावता मार्ग दुसरी क्रॉस लेन | क) डॉ. मस्कारेन्हास रोड सर्व्हे हाऊस क्रमांक 167 ते सिटी हाऊस क्रमांक 172,86,
109-Sant_Savata_Marg_Byculla.pdf,1,अ) ई. एस. पाटणबाल मार्ग म्युनिसिपल घर 31 ते 35 आणि म्यु शाळे समोरील झोपडपट्टी व रामभाऊ भोगले मार्ग म्युनिसिपल घर 4 ते 10 | क) संत सावता मार्ग पहिली क्रॉस लेन,93,
