Filename,Page No.,Yadi Bhag No.,Boundary Description (Marathi)
001-24-26_Khetwadi_12th_galli.pdf,1,0001,"1.अ.खेतवाडी 13वी गल्ली मु.घ.नं.15 ते भाभाचाळ खंड 1, 2.ब.)मौ.शौकत अली रोड 293-359: खंड 1,3 क)खेतवाडी 12वी गल्ली,रामनिवास ते माहिमवाला बिल्डींग (मनिवि 19) खंड 1,4 ड) खेतवाडी 11वी गल्ली,1ते31 (मनिवि19) खंड -1"
002-24-26_Khetwadi_12th_Street.pdf,1,0002,"1 अ)खेमराज श्रीकृष्णदास मार्ग, 155ते205(मनिवि-19)खंड-1, 2 ब)खेतवाडी 10वी गल्ली म्यु.घ.नं.8 ते 58,(मनिवि-20) खंड-1, 3.क)राजा राममोहन रॉय मार्ग,13ते45 (मनिवि-20) खंड-1, 4 ड)खेमराज श्रीकृष्णदास मार्ग,154ते184 (मनिवि-20) खंड-2"
003-24-26_Khetwadi_12th_Street.pdf,1,0003,"1अ)खेमराज श्रीकृष्णदास मार्ग,म्यु.घ.नं. 188ते204(मनिवि20)खंड3, 2ब)खेतवाडी 10वी गल्ली,क्रॉसलेन म्यु. घ.नं.,4ते16,(मनिवि20)खंड1,3 ..क)खेतवाडी सजा 10बी गल्ली,70ते76 ए (मनिवि 19) खंड 2, 4.ड)खेतबाडी 12बी गल्ली,म्यु.घ.नं. 1ते23,(मनिवि20)खंड2"
004-24-26_Khetwadi_12th_Street.pdf,1,0004,"1अ)अच्युत बळवंत कोल्हटकर मार्ग,खेतवाडी,म्यु.घ.नं.194ते234 (मनिवि-19) खंड-1, 2ब)खेतवाडी मूळ ताव शहर. 14वी गल्ली,3 ते 13,(मनिवि 19)"
005-Balaram_Street.pdf,1,0005,"1.अ) मौलाना शौकत अली रोड,म्यु.घ.नं.302ते318 (मनिबि-20) खंड 2, 2.ब) बापुराव मार्ग,म्यु.घ.नं.114 ते 154 (मनिवि-20) खंड 2, 3 क)पठ्ठे बापुराव मार्ग,म्यु.घ.नं.66ते68,महाराजा बिल्डींग 74-80बी कल्याण बिल्डींग (मनिवि 20 )खंड 1"
006-Balaram_Street.pdf,1,0006,"1अ)पठठे बापुराव मार्ग,74-80क,(मनिवि-20),खंड-3, बापुराव मार्ग,म्यु.घ.नं. 98ए-98सी (मनिवि-20)खंड 4, 3 क.) बापुराव मार्ग,40ए ते 52ई (मनिवि20) खंड-5"
007-Balaram_Street.pdf,1,0007,"1अ)डॉ.एरुच शहा हकिम रोड,6 व 8 (मनिवि20), 2ब)बाळाराम स्ट्रीट,5 ते 33ए (म.नि.वि.20) खंड 1, 3 क)मौलाना शौकतअली रोड,352,(मनिवि20) खंड 3, 4 ड)मौलाना शौकतअली रोड,342डी,(मनिवि20) खंड 4"
008-Balaram_Street.pdf,1,0008,"(1अ)मौलाना शौकतअली रोडम्यु.घ.नं.322 लक्ष्मी बिल्डींग ते342 सी, भारत नगर (मनिवि20) खंड 3"
009-Keshavrao_Kadam_Road.pdf,1,0009,"1 अ)जहांगीर बोमन बेहराम जहांगीर मार्ग,म्यु.घ.नं275 ते 293ई (मनिवि28)खंड 1,2 ब) बोमन ]ळ गांव/शहर बेहराम मार्ग म्यु.घ.नं.263-279 बी (मनिवि -28)खंड-2, 3क) सजा आर.एस.निमकर मार्ग 62-66(मनिवि -28)खंड-3"
010-R.S.Nimkar_Marg.pdf,1,0010,"1अ) केशवराव कदम मार्ग (बेलासिस चाळ रोड नं.1)1ते13 (मनिवि28)खंड-1, 2 ब) केशवराव कदम मार्ग (बेलासिस चाळ रोड नं.3)21ते23 (मनिवि28)खंड-2,3 क )आर..एस.निमकर मार्ग म्यु.घ.नं.73ए ते 80 आय (मनिवि-28)खंड-2, 4 ड)केशवराव कदम मार्ग,(बेलासिस चाळ रोड नं.2), 3ते9(मनिवि28)खंड 6"
011-R.S.Nimkar_Marg.pdf,1,0011,"अ) केशवराव कदम मार्ग (रोड नं.3)15ते19 (मनिवि28)खंड-3"""
012-R.S.Nimkar_Marg.pdf,1,0012,"अ) केशवराव कदम मार्ग (बेलासिस चाळ रोड नं.3)25,(मनिवि28)खंड 4, 2 ब)आरएस निमकर मार्ग,68बी ते 68एफ(मनिवि28)खंड 1"
013-R.S.Nimkar_Marg.pdf,1,0013,1अ)केशवराव कदम मार्ग (बेलासिस चाळ रोड नं.1 )5 ते 11 (मनिवि -28) खंड-5
014-R.S.Nimkar_Marg.pdf,1,0014,1 अ) आर.एस.निमकर मार्ग 37-139(मनिवि -28)खंड-4
015-Kamathipura_7th_Street.pdf,1,0015,"अ) आर.एस.निमकर मार्ग 34-60(मनिवि -28)खंड-5,2 ब)मौलाना शौकतअली रोड म्यु.घ.नं.260 ते 280(मनिवि-20)खंड-6, 3 क)मोहम्मद ताहीर अंसारी मार्ग,1 ते 19 (मनिवि-20) खंड-1,4 ड)मोहम्मद ताहीर अंसारी मार्ग,12 ते 16 (मनिवि-20) खंड-2"
016-Kamathipura_7th_Street.pdf,1,0016,"1अ)जयराजभाई लेन 13 ते 19 ई(मनिवि-28) खंड-1,2 ब)जयराजभाई लेन,म्यु.घ.नं॑.41ए-41सी मूळ HARTER. (मनिवि-28)खंड-4"
017-Kamathipura_7th_Street.pdf,1,0017,"1 अ)जयराजभाई ब लेन,21ते25(मनिवि 28)खंड 26,2 ब)सुखलाजी मार्ग 130 a/R टिकिवाला कंपाउंड ते 150 एसी म्युनिसिपल चाळ सजा (मनिबि-20)खंड-5"
018-Kamathipura_7th_Street.pdf,1,0018,"1.अ) सुखलाजी मार्ग, 4 ते 20ए (मनिवि28) खंड 1,2 ब)सुखलाजी मार्ग म्यु.घ.नं42 ते 68 (मनिवि-28)खंड-2"
019-Kamathipura_7th_Street.pdf,1,0019,"1.अ)पठ्ठे बापुराव मार्ग,87 ते 167 (मनिवि20) खंड 6, 2.ब) सुखलाजी मार्ग,102 ते 104,बाटलीवाला चाळ ते 130ए मदिना हॉटेल (मनिवि20) खंड 3"
020-Kamathipura_7th_Street.pdf,1,0020,"1 अ)सुखलाजी मार्ग म्यु.घ.नं.74-100(मनिवि-28)खंड-4, 2 ब)जयराजभाई लेन,म्यु.घ.नं.29-35(मनिवि-28)खंड-3, 3 क)मौलाना शौकत अली सजा रोड 284-294 (मनिवि 28) खंड 7"
021-Kamathipura_7th_Street.pdf,1,0021,"1अ)परशुराम पुपाला मार्ग(बाप्टी रोड)265 ते 285(मनिवि20)खंड-1, 2 ब)मोहम्मद ताहिर अंसारी मार्ग (अरब लेन)म्यु.घ.नं.16ए ते 22 (मनिवि20) खंड-3"
022-Kamathipura_7th_Street.pdf,1,0022,"1अ) बापुराव मार्ग (फॉकलंडरोड)म्यु.घ.नं.65 ते 83 डी(मनिवि20)खंड-7,2 ब)सुखलाजी मार्ग म्यु.घ.नं.32(मनिवि-28) खंड 6"
023-Kamathipura_7th_Street.pdf,1,0023,"1अ)परशुराम पुपाला मार्ग (बाप्टी रोड)म्यु.घ.नं.292 ते 388(मनिवि-28)खंड-2, 2ब)कामाठीपुरा 10वी गल्ली,5-45(मनिवि29)खंड-2, 3 क)कामाठीपुरा सजा 12वी गल्ली,50-52(मनिवि29)खंड-2, 4 ड) 13वी गल्ली 44-90(मनिवि-29)खंड-2, 5 सजा इ)चंद्रमणी बुध्द विहारमार्ग 3-5 (मनिवि2०9)खंड-2"
024-Kamathipura_7th_Street.pdf,1,0024,"1)परशुराम पुपाला मार्ग 293 ते 395(मनिवि-20)खंड-3"""
025-Jehangir_Boman_Behram_Marg.pdf,1,0025,"1अ) बोमन बेहराम मार्ग 225-261 (मनिवि29)खंड3, 2 ब)वसांवा मार्ग, 3 ते 13,व 221 (मनिवि29) खंड 1, 3 क) कामाठीपुरा 15वी सजा गल्ली,3ते32(मनिवि29) खंड-1, 4 ड)कामाठीपुरा 11वी गल्ली,म्यु.घ.न॑.1-73(मनिवि29)खड-2, 5 इ)सुखलाजी स्ट्रीट,म्यु.घ.नं.31-45(मनिवि29)खंड-9, 6 फ़)चंद्रमणी बुध्दविहार मार्ग,(स्टेबल स्ट्रीट)4-10(मनिवि2%)खंड-"
026-Jehangir_Boman_Behram_Marg.pdf,1,0026,"1अ)सुखलाजी स्ट्रीट,म्यु.घ.नं. 103 ते 153 (मनिवि29) खंड 7, 2ब)कामाठीपुरा 10वी गल्ली,51ते67(मनिवि29) खंड-1, 3 क)कामाठीपुरा 13वी गल्ली,39ते91(मनिवि 29) खंड 1, 4 ड)कामाठीपुरा 14वी गल्ली,47ते73 व शांती नगर झोपडपट्टी (मनिवि 29) खंड 3"
027-Jehangir_Boman_Behram_Marg.pdf,1,0027,"1अ)कामाठीपुरा 11वी गल्ली,म्यु.घ.नं.6ते68 (मनिवि29)खंड1, 2ब)कामाठीपुरा 14वी गल्ली,1ते45 (मनिवि29)खंड1"
028-Jehangir_Boman_Behram_Marg.pdf,1,0028,"1.अ)कामाठीपुरा 14वी गल्ली,2ते38(मनिवि 29) खंड 2, 2ब)सुखलाजी मार्ग,77ए ते101ए(मनिवि29)खंड-8, 3 क) आर.एस.निमकर मार्ग,23ते31(मनिवि29) खंड-6"
029-Kamathipura_7th_Street.pdf,1,0029,"1अ)कामाठीपुरा 7 बी गल्ली 4-72 (मनिवि-29) खंड, 2 ब)कामाठीपुरा 12वी गल्ली27-35 (मनिवि29)खंड-2, 3क)कामाठीपुरा 12 वी गल्ली 39-51 सजा (मनिवि29)खंड-3, 4 ड)कामाठीपुरा 12 बी गल्ली 2 -46 (मनिवि29)खंड-4"
030-Kamathipura_7th_Street.pdf,1,0030,"1अ)कामाठीपुरा 3री गल्ली 77-91ए (मनिवि29)खंड-1, 2 ब)कामाठीपुरा 10वी गल्ली 6-68 (मनिवि29)खंड-3, 3 क)कामाठीपुरा 13वी गल्ली 14-34 सजा (मनिवि29)खंड-3"
031-Kamathipura_7th_Street.pdf,1,0031,"1अ)कामाठीपुरा गल्ली 7ते51,(मनिवि29)खंड2, 2ब)कामाठीपुरा गल्ली 2ते36,(मनिवि29)खंड1"
032-Kamathipura_7th_Street.pdf,1,0032,"1अ)कामाठीपुरा गल्ली,म्यु.घ.नं.73ते115,(मनिवि29)खंड1, 2ब)कामाठीपुरा गल्ली,म्यु.घ.नं.3ते65,(मनिवि29)खंड1"
033-Kamathipura_7th_Street.pdf,1,0033,"1अ)कामाठीपुरा 3री गल्ली,74-76(मनिवि-29) खंड-2, 2(ब)कामाठीपुरा गल्ली 78-98 (मनिवि29) खंड-2, 3(क)कामाठीपुरा गल्ली 2-52 सजा (मनिबि29) खंड-2, 4 ड)कामाठीपुरा 5 बी गल्ली 72-146(मनिवि29)खंड-2, 5 ई)आर.एस.निमकर मार्ग 2-30 (मनिवि29)खंड-7"
034-Kamathipura_7th_Street.pdf,1,0034,"1अ)कामाठीपुरा 6वी गल्ली,8-62(मनिवि29)खंड1, 2ब)कामाठीपुरा 8वी गल्ली,1-51(मनिवि29)खंड3"
035-Kamathipura_7th_Street.pdf,1,0035,"1अ)कामाठीपुरा गल्ली,55ते103, (मनिवि 29) खंड 4, 2ब)कामाठीपुरा 13वी गल्ली,93ते105 (मनिवि-29) खंड-4, 3क)शंकरराव पुपाला मार्ग 2ते54 (मनिवि-29) खंड-1"
036-Kamathipura_7th_Street.pdf,1,0036,"1 अ)आर.एस.निमकर मार्ग 7ते 15 (मनिवि-29) खंड-8, 2ब)कामाठीपुरा गल्ली,3ते49(मनिवि-29) खंड-2, 3क)कामाठीपुरा 13वी गल्ली,92ते108(मनिवि-29) खंड5, सजा 4ड)कामाठीपुरा &वी गल्ली,40शिवाजी ते,46-50ईश्वर बिल्डींग (मनिवि-29)"
037-Kamathipura_7th_Street.pdf,1,0037,"1अ) कामाठीपुरा 3री गल्ली 30ते 72(मनिवि-29)खंड-3, 2ब)परशुराम पुपाला मार्ग,240ते258 (मनिवि 29) खंड 4, 3क)मानाजी राजुजी मार्ग,80ते89 (मनिबि-29) खंड-1, 4 ड)कामाठीपुरा 4थी गल्ली म्यु. घ.नं.2-58(मनिवि29)खंड1, 5 इ)कामाठीपुरा 4थी गल्ली म्यु.घ.नं.1-55(मनिवि29)खंड2, 6 फ़)कामाठीपुरा 9 वी गल्ली म्यु.घ.नं.58-60(मनिवि-29) खंड-3"
038-Maulana_Shaukat_Ali_Road.pdf,1,0038,"1अ)मानाजी राजुजी रोड म्यु.घ.नं.63(मनिवि29)खंड-2, 2ब)शंकरराव पुपाला मार्ग म्यु.घ.नं.90-102 (मनिवि-29)खंड-3, 3क)शंकरराव पुपाला रोड म्यु.घ.नं.126-146(मनिवि-29) खंड-3, 4ड)कामाठीपुरा 2री गल्ली 25-105(मनिवि29) खंड-3"
039-Maulana_Shaukat_Ali_Road.pdf,1,0039,"1अ) कामाठीपुरा 1ली गल्ली,(म.नि.वि.29), खंड 1, 2ब) कामाठीपुरा 2री गल्ली,30-71ए(मनिवि29), खंड 2, 3क) कामाठीपुरा 3री गल्ली,21-69(मनिवि29),खंड 4"
040-Maulana_Shaukat_Ali_Road.pdf,1,0040,"1अ)कामाठीपुरा 2री गल्ली 72-114(मनिवि-29)खंड-3, 2ब)मौलाना आझाद रोड,2-48(मनिवि-29) खंड-1, 3क)परशुराम पुपाला रोड (बाप्टी सजा रोड)म्युनिसिपल ब्लॉक नं.ए ते बी 1(मनिवि-29) खंड-5"
041-Maulana_Shaukat_Ali_Road.pdf,1,0041,"1अ)परशुराम पुपाला मार्ग,(बाप्टी रोड)म्युनिसिपल ब्लॉक नं.सी आणि डी(मनिवि29)खंड6, 2ब)परशुराम पुपाला मार्ग,(बाप्टी रोड)म्युनिसिपल ब्लॉक नं.ड आणि एफ(मनिवि29)खंड7"
042-Maulana_Shaukat_Ali_Road.pdf,1,0042,"अ)मौलाना शौकत अली रोड,म्यु.घ.नं.ए-ई(मनिवि-29)खंड 8, 2 ब)मौलाना शौकत अली रोड,1 ते 34 (मनिवि-29)खंड-10"
043-Maulana_Shaukat_Ali_Road.pdf,1,0043,"1अ)शंकरराव पुपाला मार्ग,25-27बी,(मनिवि29)खंड 4, 2 ब) मौलाना शौकत अलीरोड,एफ भारत लोखंड बा.आणि 182 भारत लोखंड बाजार (मनिबि-29)खंड-9, 3क)परशुराम पुपाला मार्ग,(बाप्टी रोड)म्युनिसिपल ब्लॉक नं.ए.बी.सी.(मनिवि29)खंड-8"
044-Maulana_Shaukat_Ali_Road.pdf,1,0044,"1अ)मानाजी राजुजी मार्ग, 62ते 169 (मनिवि-29) खंड-3, 2 ब)मौलाना शौकत अली मार्ग, 35ते137 व म्यु.घ.न.कब्रस्तान चाळ छोटा सोनापुर Yast (मनिवि 29) खंड"
045-Sophia_Zubair_Road.pdf,1,0045,"1अ).शेफर्ड रोड,म यु.घ.नं.9 ते 21 म.नि.वि.317खंड 1"
046-Sophia_Zubair_Road.pdf,1,0046,"1 .अ).सोफिया झुबेर रोड म यु.घ.नं.50ते110.खंड 1, 2.ब).सोफिया झुबेर रोड,30ते48ःमनिवि31ःखंड 2, 3.क).सोफिया झुबेर सजा रोड,111ते119ःमनिवि317खंड 3"
047-Sophia_Zubair_Road.pdf,1,0047,"1अ)सोफिया झुबेर रोड3ते109 हाऊस,खंड 4"
048-Sir_J.J._Marg.pdf,1,0048,"1अ)सोफिया झुबेर रोड,90बी ते 90सी (मनिवि31) खंड 5, 2 ब)डिमटिमकर रोड,101 ते 183 (मनिवि-30) खंड-2"
049-Sir_J.J._Marg.pdf,1,0049,"1अ)सोफीया झुबेररोड,90ए तेएस.पी.रोड(मनिवि31)खंड6, 2.ब)डिमटिमकर रोड,22 ते 62 (मनिवि31) खंड 1"
050-Sir_J.J._Marg.pdf,1,0050,"1. ओटेमकर मार्ग,87 ते 131 (मनिवि 30) खंड 1, 2ब)शेख बुरहाण कमरुद्दीन मार्ग,23ते99(मनिवि30)खंड 1, 3.क)बरकतअली विरानी मार्ग 95ते 151 आणि यासिन पॅलेस मनिबि-30,खंड-1"
051-Sir_J.J._Marg.pdf,1,0051,"1 अ)सर ज.जी रोड,384-430 (म.नि.वि.31) खंड 1, 2ब)टेमकर स्ट्रीट,म्यु.घ.नं.4 ते 52(म.नि.वि.30)खंड2"
052-Sir_J.J._Marg.pdf,1,0052,"1.अ).सर जमशेदजी जिजीभॉय रोड,340ते346सी (मनिवि31)खंड2, 2.ब.4थी पिरखान रोड,(मनिवि31) खंड 1, 3 क).उंद्रिया रोड,7ते51(मनिवि30) खंड 1, = ST 4 ड)उंद्रियारोड,53ते81(मनिवि30)खंड-2, 5ई).डिमटिमकर रोड,23ते39(मनिवि30) खंड 3"
053-Dimtimkar_Road.pdf,1,0053,"पिरखान रोड,(मनिवि31)खंड 1, 2.ब)मौलाना आद्याद मार्ग,1ते53,(मनिवि30)खंड 2, 3.क)टॅक रोड,48ते50, जुम्मन वर्कशॉप,52 मरियम बाई चाळ सजा (मनिवि30) खंड 1, 4 ड)मौलाना arene Ve ete लेन,10,(मनिवि30)खंड1, 5.इ)मौलाना सजा आझाद रोड,175ते265(मनिवि30)खंड 3"
054-Dimtimkar_Road.pdf,1,0054,"1.अ)मोलाना आझाद रोड,89ते159 लहरी बिल्डींग खंड 4, 2.ब)टँक रोड,म यु.घ.नं.109ते145(मनिवि30) खंड 1"
055-Dimtimkar_Road.pdf,1,0055,"1अ)टॅक स्ट्रीट म्यु.घ.नं.2-4 हातीम पॅलेस बी ते 44-46,खातीजा मंझील"
056-2ND_PIRKHAN_STREET.pdf,1,0056,"1.आअ)डिम टिमकर रोड,63 ते 77(मनिवि 30) खंड 4,2 ब)शे. बु. कमरुंद्दीन मार्ग 96 ते 116 (मनिवि 30) खंड 2"
057-2ND_PIRKHAN_STREET.pdf,1,0057,"1अ)3 री पीरखान स्टीट (मनिवि-30)खंड-1,2 ब)बरकतअली विरानी मार्ग,132 ते 150(मनिवि-20)खंड-2"
058-2ND_PIRKHAN_STREET.pdf,1,0058,"1अ) 2 री पीरखान गल्ली,(मनिवि -31)खंड-1, 2ब)शेख बु-हानी कमरूददीन मार्ग,म्यु.घ.न॑ 24 रसुल जीवा बिल्डींग ते 92-94 मुन्सीफ बिल्डींग (मनिवि30) खंड 3"
059-Mastan_Tack_Road.pdf,1,0059,"(1. आ)खांडीया मार्ग (क्रॉसलेन)2ते12(मनिवि30) खंड 1, 2ब)उंद्रिया मार्ग,2ेते 110 (मनिवि-30)खंड-3"
060-Mastan_Tack_Road.pdf,1,0060,"1 .अ)डिमटीमकर रोड,82ते144,(मनि्वि39) खंड 5"
061-Mastan_Tack_Road.pdf,1,0061,"1. अ)उंद्रीया मार्ग,म, यु.घ.न.83ते119(मनिवि 30) खंड, 2ब)टँकमार्ग,म्यु.घ.नं.57ते77(मनिवि-30) खंड-3, 3क)मौलानाअली सजा मार्ग,म्यु.घ.नं.72ते110 (मनिवि-30) खंड-3"
062-Mastan_Tack_Road.pdf,1,0062,"1)काझीपुरा हाजी कासम चाळ,19ते30(मनिवि 30) खंड 1"
063-Mastan_Tack_Road.pdf,1,0063,"1अ) खांडीया मार्ग,म्यु.घ.नं.1ते 75(मनिवि-30)खंड-2, 2 ब)टॅक मार्ग,1-5 अली मंजिल ते 33 रुबी मंझिल (मनिवि30) खंड 5"
064-Mastan_Tack_Road.pdf,1,0064,"1अ) टॅक रोड,54ते 110,(मनिवि-30)खंड-4, 2ब)मस तान टँक रोड,15 ते 57,(म.नि.वि.30), खंड1"
065-Mastan_Tack_Road.pdf,1,0065,"a _ 1अ)खांडिया मार्ग,म्यु.घ.नं.40ते76(मनिवि-30)खंड-3, टेमकर मार्गं,म्यु.घ.नं.54ते 142(मनिवि-30)खंड-3, 3 क)मस्तान टॅकमार्ग सजा 30)खंड 2, 4 ड)उंद्रीया मार्ग,(क्रॉसलेन),म्यु.घ.नं.12ते24(मनिवि 30)खंड5, सपना )टेमकरमार्ग,म्यु.घ.नं 73ते75 उस्मानिया बिल्डींग ते 85सुलेमान बिल्डींग(मनिवि30)खंड 4"
066-Mastan_Tack_Road.pdf,1,0066,"1 at) बरकत अली विरानी मार्ग,26ते130(मनिवि30)खंड 3, 2 बो)टॅक मार्ग 35 -39 बोरी चाळ ते 41 -49 हातिमा मंजिल (मनिवि 30)खंड 6"
067-Mastan_Tack_Road.pdf,1,0067,"1 .काझीपुरा हाजी कासम चाळ,1ते18(मनिवि30)खंड 2"
068-Mastan_Tack_Road.pdf,1,0068,".अ)बरकत अली विरानी मार्ग,15ते89(मनिवि30) खंड 4, 2.ब)मस्तान टॅंक मार्ग,म्युनिसिपल Fates म्यु.घ.नं.50च्या समोर(मनि्वि30) खंड 2"
069-Mastan_Tack_Road.pdf,1,0069,"1अ)मौलाना शौकतअली मार्ग,32 ते 40 (मनिवि-30), 2ब)सरजमेशदजी जीजीभाय मार्ग,434ते516(मनिवि-30)खंड-3, 3 क)बरकत अली विरानी मार्ग (क्रास लेन)(मनिवि30)खंड5, 4.5) टेमकर मार्ग, 17 ते 69 (मनि्वि30) खंड 5"
070-Sardar_Balwant_Singh_Dhodi_Marg.pdf,1,0070,"1अ)सरदार बलवंतसिंग धोदी ब मार्ग,21 ते 31(मनिवि 34)खंड 1,2 ब)शिवदास = ( चापसीमार्ग,51ते77बी(मनिवि32)खंड1, 3 क)शिवदास सजा चापसौमार्ग,36ते64(मनिबि34)खंड2"
071-Sardar_Balwant_Singh_Dhodi_Marg.pdf,1,0071,"1 अ)शिवदास चापसी . मार्ग,(माझगांब रोड)म्यु. ग घ.नं.79 ई किसान बिल्डींग ते 89डी राजे शिवाजी बिल्डींग (मनिबि32) खंड 3"
072-Barrister_Nath_Pai_Marg.pdf,1,0072,"1.अ)डॉकयार्ड रोड, 35 ते 39 (मनिवि32) खंड 1, 2ब)चर्चमार्ग,ग्यानी बि.ते रासबिया बिल्डींग (मनिवि-33)खंड-1"
073-Barrister_Nath_Pai_Marg.pdf,1,0073,"नाथ पै मार्ग,327ते393(मनिवि33) खंड, 2 ब)कारपेंटरमार्ग,पाठारे हा.ते जैन मं.(मनिवि33)खंड, 3 क)बॅरिस्टर नाथ पै मार्ग,293ते 315 सजा (मनिवि-33)खंड-3, 4.ड)बेकर लेन, (मनिवि 33) खंड 1"
074-Barrister_Nath_Pai_Marg.pdf,1,0074,"1.आ)बॅरिस्टरनाथ पै मार्ग,340ते रे चेंबर समोरील झोपडपट्ट्री (मनिबि)32)खंड, 2.ब)डिलीमा मार्ग,80 ते 140(मनिवि33)खंड 1, 3क) न्यु लँड मार्ग,(मनिवि33)खंड1, 4ड)"
075-Barrister_Nath_Pai_Marg.pdf,1,0075,"1अ) ढोलकर मार्ग,म.नि.बी.33,खंड-1, 2 ब)नवाब टँक मार्ग,23-61(मनिवि 33) खंड-1, 3.क) हॉस्पीटल मार्ग, (मनिवि 33) खंड 1, 4 ड) सजा चिमणाजी राणोजी मार्ग, (मनिबि 33) खंड 1 5 इ)डॉकयार्ड रोड म्यु-घ.नं.1 ते 33"
076-Nawab_Tack_Road.pdf,1,0076,"(1. अ)1ली कारपेंटर, कारपॅटर मळ गांब/शहर . मार्ग,13-47ते61(मनिवि33) खंड 1, 2ब) 2री कारपेंटर मार्ग (मनिवि-33) खंड-1"
077-Nawab_Tack_Road.pdf,1,0077,"1अ)मुझावर पाखाडी रोड,46-262,336,बीपीटी बंगला खंड-1, 2ब)नवाब टँक रोड,15-24बी (म.नि.वि.33) खंड 1, 3क)दूसरा माझगाव सजा कोळीबाडा,1-21(मनिवि-33) खंड-1,4 =) डिलीमा मार्ग,1ते 93 हस आणि पंचशिल बिल्डींग (मनिवि-33)खंड 2"
078-Jinabhai_Mulji_Rathod_Marg.pdf,1,0078,"_ 1अ)जे.एम. राठोड ते 3,(मनिवि32) खंड 1, 2ब)जेएम राठोड मार्ग,4 ते 7,10,(मनिवि32) खंड 2, 3.क)सेंट मेरी रोड,18ते28,(मनिवि34) खंड 1, सजा 4.ड)जे.एम.मार्ग(वाडीबंदर रोड),बि.पी.टी.कॉलनी 8व9(मनिवि32) खंड3, सजा 5.इ)जे.एम.मागं(वाडीबंदर रोड)4-44(मनिवि32)खंड"
079-Jinabhai_Mulji_Rathod_Marg.pdf,1,0079,"1अ)हुतात्मा भाऊसाहेब मार्ग,गांवदेबी मंदिर ते कुमार मेंशन(मनिवि32) खंड 1"
080-Jinabhai_Mulji_Rathod_Marg.pdf,1,0080,"1. अ)हुसेन पटेलमार्ग,21 ते 55(मनिवि32)खंड 1"
081-Jinabhai_Mulji_Rathod_Marg.pdf,1,0081,"1 अ)डॉकयार्ड रोड,41एते65ए (मनिवि32) खंड 3"
082-Jinabhai_Mulji_Rathod_Marg.pdf,1,0082,"1अ)डॉकयार्ड रोड 65बी ते 137 म्युनिसिपल क॑ पाउंड(मनिवि.32)खंड-4 सजा"""
083-Sardar_Balwant_Singh_Dhodi_Marg.pdf,1,0083,"1अ) सेंट मेरी आय टी चाळ न॑.1,(मनिवि-31)खंड-2, 2 ब) सेंट मेरी रोड,बी आय टी चाळ नं.4-7,(मनिवि-31)खंड-3, 3 क)एस.बी.धोदी मार्ग,33-सेंट मेरी सजा हायस्कूल (मनिवि-31)खंड-2"
084-Sardar_Balwant_Singh_Dhodi_Marg.pdf,1,0084,"1अ) सेंट मेरी आय टी चाळ 15-16 (मनिवि-31)खंड-4, 2 ब) सेंट मेरी रोड,बी आय टी चाळ नं. 5 (मनिवि-31)खंड-5"
085-Sardar_Balwant_Singh_Dhodi_Marg.pdf,1,0085,"1अ) सेंट मेरी आय टी चाळ 12-13 (मनिवि-31)खंड-6, 2ब) सेंट मेरी रोडपम्यु.ब्लॉक(कामगार सदन)16 ए ते 16 क (मनिवि-31)खंड-7"
086-Sardar_Balwant_Singh_Dhodi_Marg.pdf,1,0086,"1अ) सेंट मेरी आय टी चाळ नं.2(मनिवि-31)खंड-8, 2 ब) सेंट मेरी रोड,बी आय टी चाळ 11व14(मनिवि-31)खंड-9"
087-St._Mary_s_Road.pdf,1,0087,"1अ) सेंट मेरी आय टी चाळ 3,6,8(मनिवि-31)खंड-8"
088-St._Mary_s_Road.pdf,1,0088,"1अ) सेंट मेरी रोड,1 ते 137 . (मनिवि-31),खंड-11, 2 ब) सेंट मेरी रोड,बी.आय.टी.चाळ 9 = ( -10(मनिवि31)खंड12"
089-Shivdas_Chapsi_Marg.pdf,1,0089,"1 अ)शिवदास चापसी मार्ग,110-132(मनिवि31)खंड3, 2ब) शिवदास चापसी रोड (माझगांव रोड)म्यु.घ.नं सजा 154 ते 188 (मनिवि-31) खंड-6, 3 क)शिवदास चापसीरोड (माझ.रोड)म्यु.घ.नं. 100 ते 106(मनिवि-31)खंड-7"
090-Shivdas_Chapsi_Marg.pdf,1,0090,"1अ)शिवदास चापसी मार्ग,150,दुभाष चाळ अ ब क ड (मनिवि31)खंड4, 2ब)शिवदास चापसी मार्ग,(माझगांव रोड)म्यु.घ.नं.84 - 88,कल्व्हर्ट फॅक्टरी आणि सजा सेटल teat झोपडपट्टी (मनिवि31)खंड 5"
091-Sir_J.J._Marg.pdf,1,0091,"1 अ) सर जमशेदजी जिजिभाय रोड, संजय गांधी नगर झोपडपट्टी(मनिवि.-31)खंड-4"
092-Sir_J.J._Marg.pdf,1,0092,"अ) सर जमशेदजी जीजीभाय रोड,सेट्रल रेल्वे कॉलनी ब्लॉक नं.1 ते सेटल रेल्वे मजदुर संघ मागील झोपडपट्टी (म.नि.वि.-31)खंड-5"
093-Sir_J.J._Marg.pdf,1,0093,"1(अ)संत गाडगे महाराज रोड,(सर जमशेदजी जिजीभाय रोड समोर )म्यु.घ.नं.351 सिमेंट चाळ अ ते क . आणि म्यु.घ.नं.351 मागील झोपडपट्टी (मनिवि-31) खंड-1"
094-Sir_J.J._Marg.pdf,1,0094,"1अ)संत गाडगे महाराज रोड,351 सिमेंट चाळ डी ते एफ़ आणि हनुमान मंदिर जवळील झोपडपट्टी (मनिवि-341)खंड -2,2ब)संत गाडगे महाराज रोड,(सर समोर)351 जे ते 355 आणि ब्लॉक क्रमांक सी ते ई जवळील झोपडपट्टी (मनिवि-31) खंड -3"
095-Sir_J.J._Marg.pdf,1,0095,""" 1अ)रामचंद्र भट मार्ग,2ते34आणि पी.डब्ल्यु.डी. शेड (मनिवि31)] . खंड 1, 2ब)सर ज.जी.रोड,जेजे हॉ.कवॉ.ते न्यू एस्टाब्लिशमेंट खंड-7, 3(क)सर जमशेदजी जीजीभाय रोड (जेजे हॉल कंपाउंड ) क्वॉर्टर्स ते पी. डब्ल्यु.डी.तळमजला चाळ (मनिवि-31) खंड-8"
