Filename,Page No.,यादी भाग क्रमांक (Yadi Bhag No.),यादी भागाच्या हद्दीचा तपशील (Content)
001-Keshavrao_Khade_Road.pdf,1,0001,यादी भागाच्या हद्दीचा तपशील 1अ)साने गुरूजी मार्ग 307ए ते | 327 (म.न.वि.36)खंड1 ब) क.खा.मार्ग म्यु.घ.नं.91 ते 105  
002-Keshavrao_Khade_Road.pdf,1,0002,यादी भागाच्या हद्दीचा तपशील अ)साने गुरूजी मार्ग दादाजी | धाकजी कं.प्रा.लि.जवळील झोपडपट्टी ते .म्यु.घ.नं.386 पत्रा चाळ व | पत्रा चाळ जवळील झोपडपट्टी रामसिंह गैरेज ब) साने गुरूजी मार्ग | म्यु.घ.नं.326 ते 342 व म्यु.घ.नं.173 अलमास अपार्टमेंट ते 209 | आकाश अपार्टमेंट  
003-Farooq_S_Umar_Bhai_Path.pdf,1,0003,यादी भागाच्या sera तपशील अ)मौलाना आझाद रोड रंगवाला | चाळ (मनिवि36) खंड 1 ब) मौलाना आझाद रोड म्यु.घ.नं.54 ई ते. RT | म्यु घ.नं.1068 सजा | 
004-Farooq_S_Umar_Bhai_Path.pdf,1,0004,यादी भागाच्या हद्दीचा तपशील आर.बी.चांदोरकर मार्ग | म्यु.घ.नं.क्रं.2 ते 26 ए  
005-Farooq_S_Umar_Bhai_Path.pdf,1,,यादी भागाच्या हद्दीचा तपशील अ) मो.स्ट्रीट म्यु.घ.नं.1-11 व | न ‘ Hod गांब/शहर | 4-8 ब) मो.स्ट्रीट क) मौ.आ.रोड रंगवाला कंपाउड जवळील र /शह | झोपडपट्टी व हिंदुस्तान मिलजवळील झोप.ड) फा.एस.उमरभाई पथ सजा | म्यु.घ.नं.15 ते 23 _ 
006-Farooq_S_Umar_Bhai_Path.pdf,1,0006,यादी भागाच्या हद्दीचा तपशील माधवराव गांगण मार्ग म्यु.घ.नं.3 ते | मूळ गांब/शहर . | 
007-Farooq_S_Umar_Bhai_Path.pdf,1,0007,यादी भागाच्या sata तपशील 1 अ) माधवराव गांगण मार्ग | म्यु.घ.नं.4 ते 6 ब) माधवराव गांगण मार्ग म्यु.घ.नं.16 ई ते 22  
008-Farooq_S_Umar_Bhai_Path.pdf,1,0008,"यादी भागाच्या हद्दीचा तपशील 1अ) मोहम्मद शहिद मार्ग | (मोरलॅण्ड रोड) म्यु.घ.नं.11 ते 57 ब)मोहम्मद शहिद मार्ग (मोरलॅण्ड खळ गाव, शहर. | रोड) म्यु.घ.नं.2 ते 8 सजा | 
009-Farooq_S_Umar_Bhai_Path.pdf,1,0011,"यादी भागाच्या Sara तपशील "" | अ)फारुख एस उमरभाई पथ म्यु.घ.नं.3 बी.आय.टी.चाळ न॑.8 ते | मूळ गाव/शहर . | 7 बौ, बी.आव.टी.चाळ नं.12 ब) मोहम्मद शहीद मार्ग (मोरलॅण्ड रोड) म्यु.व.नं. 87 ते 89 एफ सजा | क) मोटली बाई स्ट्रीट म्यु.घ.नं.1 ते 22 ड) मोहम्मद शहीद मार्ग (मोरलॅण्ड रोड) सेंट ऑन्ड्यूज चर्च | सपना | जवळील BRT गांधी झोपडपट्टी इ) मोहम्मद शहीद मार्ग (ANS रोड) म्यु.घ.नं.65 ते 75 न्यू | 
010-Farooq_S_Umar_Bhai_Path.pdf,1,0010,यादी भागाच्या हद्दीचा तपशील 1 अ) आर.बी.चांदोरकर मार्ग | म्यु.घ.नं.1 ते 5 ब) मेघराज सेठी मार्ग आय टी चाळ नं.4 ते 30-32 | भायखळा नरसिंग होम  
011-Farooq_S_Umar_Bhai_Path.pdf,1,0011,यादी भागाच्या Sala तपशील अ)डॉ.आनंदराव नायर मार्ग | म्यु.घ.नं.9 ते 45 ब) फारूख एस.उमरभाई पथ म्यु.घ.नं.9 | बी.ई.टी.चाळ नं.14  
012-Farooq_S_Umar_Bhai_Path.pdf,1,0012,यादी भागाच्या हद्दीचा तपशील NS क्रॉस स्ट्रीट म्यु.घ.नं.1 ते 9 | ब)मेघराज सेठी मार्ग म्यु.घ.नं.3 सेंट अँन्डयुज चर्च आणि जवळील | झोपडपट्टी  
013-Farooq_S_Umar_Bhai_Path.pdf,1,0013,यादी भागाच्या हद्दीचा तपशील अ)मोहम्मद शाहिद मार्ग (मोरलॅण्ड | रोड म्यु.घ.नं.97 -सी ते 111 ब)सायरस अव्हेन्यु पथ  
015-Farooq_S_Umar_Bhai_Path.pdf,1,0015,यादी भागाच्या हद्दीचा तपशील मोहम्मद शाहिद मार्ग (मोरलॅण्ड | रोड ) म्यु.घ.नं.81 ते 85 बी  
016-Madhavrao_Gangan_Road.pdf,1,0016,यादी भागाच्या Sera तपशील अ)माधवराव गांगण मार्ग | . . चांदोरकर मूळ गांब/शहर . | म्यु.घ.नं.9 बी आय.टी.चाळ नं.24 ब)आर.बि. मार्ग ग TAIT | म्यु.घ.नं.11 ते 25 सजा | 
017-Mohammad_Shaheed_Marg_(Moreland_Road).pdf,1,0017,यादी भागाच्या Sera तपशील अ)माधवराव गांगण मार्ग | म्यु.घ.नं.17 ते 23 ब)माधवराव गांगण मार्ग म्यु.घ.नं.8 ते 10 | मूळ गांब/शहर . | 
018-Mohammad_Shaheed_Marg_(Moreland_Road).pdf,1,0018,"यादी भागाच्या हद्दीचा तपशील अ)फारूख एस.उमरभाई पथ A. | घ.नं.6 ते 8 ब) घेलाभई पहिली स्ट्रीट,म्यु.घ.नं.21 ए 21,19 व | 12-14 क)घेलाभाई दुसरी स्ट्रीट म्यु.घ.नं.2,4 ते 24-42 ड) रिपन | रोड पहिली क्रॉसलेन (दगडी चाळ)  
019-Mohammad_Shaheed_Marg_(Moreland_Road).pdf,1,0019,यादी भागाच्या हद्दीचा तपशील अ) मोहम्मद उमर रजब रोड | म्यु.घ.नं.5 ते 23 ब) शेख हाफीजुद्दीन मार्ग (साखळी स्ट्रीट) मूळ गांव/शहर . | म्यु.घ.नं.70 ते 84 क) घेलाभाई 1 ली स्ट्रीट म्यु.घ.नं.1 ते 17 सजा | 
020-Mohammad_Shaheed_Marg_(Moreland_Road).pdf,1,,यादी भागाच्या हद्दीचा तपशील अ) मोहम्मद शाहिद मार्ग (मोरलॅण्ड | रोड)म्यु घ.नं.93 ते 97 बौ ब) मौलना आझाद रोड म्यु.घ.नॅ.200 ते. [TI | 218 ए. सजा | 
021-Mohd_Umar_Rajab_Road_Madan_Pura.pdf,1,0021,यादी भागाच्या हद्दीचा तपशील अ)दुसरी घेलाभाई स्ट्रीट म्यु.घ.नं.1 | ते 35 ब) मोहम्मद उमर रजब रोड म्यु.घ.नं.22 सी हुसेन बिल्डींग | आणि 22 डी हुसेन बिल्डींग क)मोहम्मद स्ट्रीट (गोस्त बाजार ) छोटी सजा | कमल बिल्ंग aterm मंजिल बिलिंग (डी) 
022-Mohd_Umar_Rajab_Road_Madan_Pura.pdf,1,0022,यादी भागाच्या हद्दीचा तपशील अ)घेलाभाई तिसरी स्ट्रीट ब) | मोहमेडन स्ट्रीट (गोस्त बाजार रहेमान बिल्डींग रसुल बिल्डींग आणि | STRAT मंझील बिल्डींग  
023-Mohd_Umar_Rajab_Road_Madan_Pura.pdf,1,0023,"यादी भागाच्या हद्दीचा तपशील अ)सिद्धीक लेन,ब) महंमद उमर | रजब रोड,म्यु.घ.नं.2 ते 22 बी हुसेन बिल्डींग  
024-Mohd_Umar_Rajab_Road_Madan_Pura.pdf,1,0024,यादी भागाच्या हद्दीचा तपशील अ)मौलाना आझाद रोड | म्यु.घ.नं.122 ते 196 ब ) जहांगीर बोमन बेहराम मार्ग म्यु.घ.नं.216 | ते 254 क) मौलाना आझाद रोड म्यु.घ.नं.78 ते 94 बी  
025-Mohd_Umar_Rajab_Road_Madan_Pura.pdf,1,0025,"यादी भागाच्या Sala तपशील अ)मोहम्मद उमर रजब रोड | म्यु.घ.नं.25 ते 55 ब)महंमद उमर रजब रोड,म्यु.घ.नं.26 अ ते 52 ए.  
026-2nd_Ghelabhai_Street_Madanpura.pdf,1,,यादी भागाच्या हद्दीचा तपशील अ)शेख हफीज उद्दीन रोड (साखळी | स्ट्रीट ) ग्यु.घ.नं.69 ते अब्दुल हाऊस ब) मौलाना आझाद रोड | म्यु.घ.नं.222 ते 258 क ) मौलाना आझाद रोड म्यु.घ.नं.236 डी ते सजा | पटेल आणि सोनी आर्किटेक 
027-Jehangir_Boman_Behram_Marg.pdf,1,0027,यादी भागाच्या sala तपशील अ) महंमद शहिद मार्ग (मोरलॅण्ड | रोड) म्यु.घ.नं.59 अ ते 65-75 हाजी चाळ ब) जहांगीर बोमन बेहराम मूळ गाव/शहर. | मार्ग म्यु.घ.नं.254 ते 272 ए सजा | 
028-Mirza_Ghalib_Byculla.pdf,1,,यादी भागाच्या हद्दीचा तपशील अ) स्पेन रोड ब) शेफर्ड रोड OW | घ.नं.4 ते 10 क) सर जमशेद जी जिजीभाई रोड म्यु घ.नं.310 ते मूळ गांव/शहर . | 332 सै सजा | 
029-Mirza_Ghalib_Byculla.pdf,1,0029,यादी भागाच्या हद्दीचा तपशील अ) जमशेदजी जिजीभाई | रोडपम्यु.घ.नं.311 ए ते 333 पर्यंत ब) fee चर्च रोड  
030-Mirza_Ghalib_Byculla.pdf,1,0030,यादी भागाच्या हद्दीचा तपशील मिर्जा गालीब मार्ग (क्लेअर रोड) | म्यु.घ.नं.17 ते जेल पोलीस लेन | मूळ गांब/शहर . | 
031-Sant_Savata_Marg_Byculla.pdf,1,0031,यादी भागाच्या हद्दीचा तपशील अ) संत सावता मार्ग म्यु.घ.नं.41 | ते 119 एफ ब) सिताफळबाडी म्यु.घ.नं.1 ते 17 ब-क) संत सावता मूळ ताव शहर. | मार्ग म्यु.घ.नं.95 ते 167 आणि मशिना हॉस्पीटल नर्स कवार्टर्स ड) सजा | सिताफळ बाडी म्यु.घ.नं.2 ते 24 
032-Sant_Savata_Marg_Byculla.pdf,1,0032,यादी भागाच्या हद्दीचा तपशील अ) डॉ.बाबासाहेब आंबेडकर रोड | म्यु घ.नं.267 ते 297 ब) डॉ.बाबासाहेब आंबेडकर रोड म्यु.घ.क्रं.150 | ते 218 क ) डॉ.मस्करेन्स रोड म्यु.घ.नं.82 ते 128-130 आगाखान | बिल्डिंग  
033-170-192_Dr_Mascarenance_Road_Mazgaon.pdf,1,0033,"यादी भागाच्या Sela तपशील अ) डॉ.मस्करेहन्स रोड | म्यु.घ.नं.138 आदमजी भाई रंगबाला चाळ ते 140 गूरू हिंमत TUTE. | कॉ.ऑ.सो.ब ) म्यु.नं.200 बी सी पदमसी वाडी , म्यु.घ.नं.206 ते सजा | 216 बोमन बेहराम बि.क) म्यु.घ.नं.142 ते 154 न्यू चाळ श्रॉफ मंडळ | बिल्डींग ते म्यु.घ.नं.200 मन्जी मेन्शन 
034-Sheth_Motisha_Lane_(Love_Lane).pdf,1,0034,यादी भागाच्या हद्दीचा तपशील अ) शेठ मोती शाह लेन | म्यु.घ.नं.108 ते 134 ब) डी.एन.सिंग रोड (हाथीबाग लेन ) मुळ TARR. | म्यु.घ.नं.11 ते 13 बतुला हाउस — | 
035-Sheth_Motisha_Lane_(Love_Lane).pdf,1,0035,यादी भागाच्या हद्दीचा तपशील अ) शेठ मोतीशाह लेन | म्यु.घ.नं.140 ते 160 ब) शेठ मोतीशाह लेन म्यु घ.नं.114 ते 136 ए | क) डी.एन.सिंह रोड (हाथीबाग लेन ) म्यु घ.नं.105 आणि जवळची | झोपडपट्टी  
036-Sheth_Motisha_Lane_(Love_Lane).pdf,1,0036,यादी भागाच्या हद्दीचा तपशील अ) शेठ मोतीशाह लेन | म्यु.घ.नं.114 ते 134 अ बी.आय.टी.चाळ 3 आणि मागील | झोपडपट्टी ब) डी.एन.सिंग रोड (हाथौबाग लेन) म्यु.घ.नं.51 ते 55 सजा | मंडळ | मूळ गांब/शहर . | तालुका | जिल्हा मुंबई शहर | यादी भागातील सहायकारी | मतदान केंद्राची संख्या : | निरंक | मतदारसंघाचे वर्गीकरण : | शहरी | 3. मतदान केंद्राचा तपशील :
037-136_Sheth_Motishah_Lane_(Love_Lane).pdf,1,,यादी भागाच्या हद्दीचा तपशील अ) शेठ मोती शाह लेन | म्यु.घ.नं.136 ते 138 ब) डी.एन.सिंग रोड (हाथीबाग लेन) म्यु घ.नं.5 मूळ गांब/शहर . | ते91डी सजा | 
038-136_Sheth_Motishah_Lane_(Love_Lane).pdf,1,0038,यादी भागाच्या हद्दीचा तपशील अ) शेठ मोतीशाह लेन | म्यु.घ.नं.105 जे ते 109 सी मुंबई ट्रान्सपोर्ट चाळ ब) शेठ मोतीशाह | लेन म्यु.घ.नं.111-112 मेहता चेंबर्स ते म्यु.घ.नं.189 सिद्धचल दर्शन  
039-136_Sheth_Motishah_Lane_(Love_Lane).pdf,1,0039,यादी भागाच्या हद्दीचा तपशील डी.एन.सिंग रोड (हाथीबाग लेन ) | म्यु.घ.नं.1 ते 29 अ | मूळ गांब/शहर . | 
040-105-C_136_Sheth_Motisha_Lane_(Loe_Lane).pdf",1,0040,यादी भागाच्या हद्दीचा तपशील शेठ मोतीशाह लेन म्यु.घ.नं.5 | रोझारीओ पत्रा चाळ 1 ते 103 ब्राम्हणवाडी चाळ आणि रोड वरील | हॉटेल  
041-105-C_136_Sheth_Motisha_Lane_(Loe_Lane).pdf",1,0010,यादी भागाच्या Sela तपशील अ) शेठ मोती शहा लेन | म्यु.घ.नं.105 स्वप्ना बिल्डींग ते म्यु घ.नं.105 बी ताराबाग चाळ ब) मूळ गांब/शहर . | शेठ मोती शाह लेन म्यु.घ.नं.6 ते 42 क ) शेठ मोती शाह लेन सजा | म्यु.घ.नं.68 ते 92-96 _ | तालुका | जिल्हा मुंबई शहर | यादी भागातील सहायकारी | मतदान केंद्राची संख्या : | निरंक | मतदारसंघाचे वर्गीकरण : | शहरी | 3. मतदान केंद्राचा तपशील :
042-Sheth_Motisha_Lane_(Love_Lane).pdf,1,0042,यादी भागाच्या हद्दीचा तपशील अ) शेठ मोतीशाह लेन म्यु.घ.नं.98 | ते 100 ए आणि 115 ब) शेठ मोतीशाह लेन (कोपर गांब इस्टेट) | क)डी.एन.सिंग रोड (हाथीबाग लेन बी) म्यु.घ.नं.29 बी ते 172 ड) wT | डी.एन.सिंग रोड (हाथीबाग लेन )म्यु घ.नं.13 ते 85 ए आणि 2 ते मंडळ | मूळ गांब/शहर . | तालुका | जिल्हा मुंबई शहर | यादी भागातील सहायकारी | मतदान केंद्राची संख्या : | निरंक | मतदारसंघाचे वर्गीकरण : | शहरी | 3. मतदान केंद्राचा तपशील :
043-Sheth_Motisha_Lane_(Love_Lane).pdf,1,0043,यादी भागाच्या हद्दीचा तपशील अ) शेठ मोतीशाह लेन म्यु | घ.नं.164 ते 200 -ब) शिवदास चापसी मार्ग म्यु.घ.नं.2 ते 42 क) | शेठ मोतीशाह लेन म्यु.घ.नं.44 ते 52  
044-Nesbit_Road_Low_Level.pdf,1,0044,यादी भागाच्या हद्दीचा तपशील अ)हंसराज लेन म्यु.घ.नं.6 ते 16-ए | संजय आपर्टमेंट | मतदारसंघाचे वर्गीकरण : यादी भागातील सहायकारी | मतदान केंद्राची संख्या : | शहरी निरंक | निरंक | 3. मतदान केंद्राचा तपशील :  
045-Nesbit_Road_Low_Level.pdf,1,0045,यादी भागाच्या हद्दीचा तपशील अ) हंसराज लेन म्यु.घ.नं.16 ए | अशोक अपार्टमेंट ते 16 अजय अपार्टमेंट ब) हंसराज लेन म्यु घ.नं.1 मूळ गांब/शहर | ते5ईं सजा | 
046-Nesbit_Road_Low_Level.pdf,1,0046,यादी भागाच्या हद्दीचा तपशील अ) शेठ मोतीशाह लेन | म्यु.घ.नं.136 ते 138 ब) शेठ मोतीशाह लेन (लव्ह लेन क्रॉस लेन) मूळ गांब/शहर . | सेक्टर नं.5 शत्रुंजय दर्शन बिल्डींग ते म्यु.घ.नं.4 शिवमंदीर IT | 
047-Nesbit_Road_Low_Level.pdf,1,0047,यादी भागाच्या हद्दीचा तपशील शेठ मोतीशाह लेन (लव लेन क्रॉस | लेन) म्यु घ.नं.3 ते कौशि कॉटेज ते से म्यु घ.नं.16 युनियन बिल्डींग  
048-Sardar_Balwant_Singh_Dhodi_Marg_Mazgaon.pdf,1,0048,यादी भागाच्या हद्दीचा तपशील अ)नेसबीट रोड (लो लेव्हल) ब) | सरदार बलवंत सिंग धोदी मार्ग म्यु.घ.नं.2 ते 44 एफ क) सरदार | बलवंत सिंग धोदी मार्ग म्यु.घ.नं.46 आगा हॉल चाळ नं.11 ते 331 | आगा हॉल चाळ नं.13  
049-Sardar_Balwant_Singh_Dhodi_Marg_Mazgaon.pdf,1,0049,यादी भागाच्या हद्दीचा तपशील अ) सरदार बलवंत सिंग धोदी मार्ग | म्यु.घ.नं.352 आगा हॉल अली मिनार ते बु-हाणी कॉलेज ऑफ कॉमर्स | ब) डॉ.मस्कारन्स रोड म्यु घ.नं.218 ते 239 ए.बी  
050-Ganesh_Hari_Parundekar_Marg_Momin_Pura.pdf,1,0050,यादी भागाच्या हद्दीचा तपशील मेघराज सेठी मार्ग म्यु.घ.नं.36 ते | 52 बी. | मूळ गांब/शहर . | 
051-Ganesh_Hari_Parundekar_Marg_Momin_Pura.pdf,1,0051,यादी भागाच्या हद्दीचा तपशील अ) मे.सेठी मार्ग म्यु घ.नं.2 ते | ईस्लाम बि.मा.बैठी चाळ ब) म.सि.अ.लेन (मि.स्ट्रीट) म्यु.घ.नं.14 ते | प.चाळ नं.8 च्या पा.मा.झो.क) TEAR म्यु.घ.नं.25 सुशांति चर्च | ते 85-89  
052-Ganesh_Hari_Parundekar_Marg_Momin_Pura.pdf,1,0052,यादी भागाच्या हद्दीचा तपशील अ) महंमद सिद्दीक अन्सारी लेन | (मिल्क स्ट्रीट ) ब) बाबुराव जगताप मार्ग म्यु.घ.नं.812 ते 826 | मूळ गांब/शहर . | 
053-Ganesh_Hari_Parundekar_Marg_Momin_Pura.pdf,1,0053,यादी भागाच्या हद्दीचा तपशील हफीज अलौ बहादुरखान मार्ग (eH | पाखाडीयॉ मार्ग) म्यु.घ.नं.16 ते 54 आणि जवळील झोपडपट्टी | मूळ गांब/शहर . | 
054-790_Bapurao_Jagtap_Marg.pdf,1,0054,"यादी भागाच्या हद्दीचा तपशील | अ) हफीज अली बहादुरखान मार्ग (टँक पाखाडीया मार्ग) | म्यु.घ.नं.74 ,1 ला माळा बिल्डींग ते म्यु.घ.नं.96 हमीद बिल्डींग ब) हाफीज अली बहादुर खान मार्ग | (cm पाखाडीया मार्ग) न्यु खटाव माखनजी बि.नं.5 आणि जवळील झोपडपट्टी क) बाबूराव | जगताप मार्ग म्यु.घ.नं.845 ते 867 ए  
055-790_Bapurao_Jagtap_Marg.pdf,1,0055,"यादी भागाच्या हद्दीचा तपशील मोहम्मद सिद्दीक अन्सारी लेन | (मिल्क स्ट्रीट ) म्यु घ.नं.9 ए,ईरफान बिल्डींग जवळील झोपडपट्टी | आणि ट्ररॉन्झिस्ट कॅम्प चाळ नं.1 ते 16  
056-Mohammad_Siddique_Ansari_Lane_(Milk_Street).pdf,1,0056,यादी भागाच्या हद्दीचा तपशील मोहम्मद सिद्दीक अन्सारी लेन | (मिल्क स्ट्रीट ) ट्रॉन्झिस्ट कॅम्प चाळ नं.17 ते 27 आणि मिल्क | स्ट्रीटच्या फूटपाथवरील झोपडपट्टी  
057-Mohammad_Siddique_Ansari_Lane_(Milk_Street).pdf,1,0057,यादी भागाच्या हद्दीचा तपशील अ) बापूराव जगताप मार्ग | म्यु.घ.नं.785 दत्ताराम बिल्डींग ते म्यु.घ.नं.797-807 खलीफा चाळ | ब) हलका -ई-अहबाब मार्ग (साखळी स्ट्रीट चौथी seta लेन) क) | बापूराव जगताप मार्ग म्यु.घ.नं.821 ते 823 हनुमान प्रसाद बि.ते. म्यु | घ.नं.845 शिवनेरी बि  
058-Mohammad_Siddique_Ansari_Lane_(Milk_Street).pdf,1,0058,यादी भागाच्या हद्दीचा तपशील मोहम्मद सिद्दीकी अन्सारी लेन | (मिल्क स्ट्रीट) बी.आय.टी.चाळ नं.3 आणि 4 | मूळ गांब/शहर . | 
059-Meghraj_Shethi_Marg_Bychala.pdf,1,0059,यादी भागाच्या हद्दीचा तपशील अ) गणेश हरी पारंडेकर मार्ग म्यु | घ.नं.91 ते 101 ब) मौलाना आझादे रोड म्यु.घ.नं.79 ते 111 